{
  "Home/home-127" : {
    "transaction" : "Home/home-127",
    "sampleCount" : 100,
    "errorCount" : 1,
    "errorPct" : 1.0,
    "meanResTime" : 25.90000000000001,
    "medianResTime" : 23.0,
    "minResTime" : 16.0,
    "maxResTime" : 247.0,
    "pct1ResTime" : 31.900000000000006,
    "pct2ResTime" : 35.89999999999998,
    "pct3ResTime" : 245.019999999999,
    "throughput" : 1.0097440298884233,
    "receivedKBytesPerSec" : 7.391641843792599,
    "sentKBytesPerSec" : 0.5048720149442116
  },
  "Total" : {
    "transaction" : "Total",
    "sampleCount" : 100,
    "errorCount" : 1,
    "errorPct" : 1.0,
    "meanResTime" : 25.90000000000001,
    "medianResTime" : 23.0,
    "minResTime" : 16.0,
    "maxResTime" : 247.0,
    "pct1ResTime" : 31.900000000000006,
    "pct2ResTime" : 35.89999999999998,
    "pct3ResTime" : 245.019999999999,
    "throughput" : 1.0097440298884233,
    "receivedKBytesPerSec" : 7.391641843792599,
    "sentKBytesPerSec" : 0.5048720149442116
  }
}