{
  "Notice50/canonical.html-53" : {
    "transaction" : "Notice50/canonical.html-53",
    "sampleCount" : 50,
    "errorCount" : 0,
    "errorPct" : 0.0,
    "meanResTime" : 59.5,
    "medianResTime" : 56.5,
    "minResTime" : 53.0,
    "maxResTime" : 85.0,
    "pct1ResTime" : 74.5,
    "pct2ResTime" : 76.44999999999999,
    "pct3ResTime" : 85.0,
    "throughput" : 0.5104436776446087,
    "receivedKBytesPerSec" : 0.14854708587704435,
    "sentKBytesPerSec" : 0.1510394866467934
  },
  "Total" : {
    "transaction" : "Total",
    "sampleCount" : 200,
    "errorCount" : 1,
    "errorPct" : 0.5,
    "meanResTime" : 52.95500000000001,
    "medianResTime" : 56.0,
    "minResTime" : 20.0,
    "maxResTime" : 324.0,
    "pct1ResTime" : 67.0,
    "pct2ResTime" : 75.94999999999999,
    "pct3ResTime" : 84.97000000000003,
    "throughput" : 2.0387775489816304,
    "receivedKBytesPerSec" : 2.1467889572162533,
    "sentKBytesPerSec" : 0.707300511988012
  },
  "Notice50/success.txt-55" : {
    "transaction" : "Notice50/success.txt-55",
    "sampleCount" : 50,
    "errorCount" : 0,
    "errorPct" : 0.0,
    "meanResTime" : 59.62,
    "medianResTime" : 57.0,
    "minResTime" : 53.0,
    "maxResTime" : 82.0,
    "pct1ResTime" : 67.69999999999999,
    "pct2ResTime" : 79.89999999999999,
    "pct3ResTime" : 82.0,
    "throughput" : 0.5104749458896557,
    "receivedKBytesPerSec" : 0.10767830889859926,
    "sentKBytesPerSec" : 0.15952342059051744
  },
  "Notice50/success.txt-54" : {
    "transaction" : "Notice50/success.txt-54",
    "sampleCount" : 50,
    "errorCount" : 1,
    "errorPct" : 2.0,
    "meanResTime" : 65.58,
    "medianResTime" : 58.0,
    "minResTime" : 53.0,
    "maxResTime" : 324.0,
    "pct1ResTime" : 72.8,
    "pct2ResTime" : 78.79999999999998,
    "pct3ResTime" : 324.0,
    "throughput" : 0.5104645227156713,
    "receivedKBytesPerSec" : 0.10767611026033691,
    "sentKBytesPerSec" : 0.15952016334864727
  },
  "Home/home/notice-137" : {
    "transaction" : "Home/home/notice-137",
    "sampleCount" : 50,
    "errorCount" : 0,
    "errorPct" : 0.0,
    "meanResTime" : 27.12,
    "medianResTime" : 26.0,
    "minResTime" : 20.0,
    "maxResTime" : 43.0,
    "pct1ResTime" : 32.0,
    "pct2ResTime" : 37.04999999999996,
    "pct3ResTime" : 43.0,
    "throughput" : 0.5105948429920858,
    "receivedKBytesPerSec" : 1.786583322695941,
    "sentKBytesPerSec" : 0.2383440770998213
  }
}