{
  "Home/home-127" : {
    "transaction" : "Home/home-127",
    "sampleCount" : 50,
    "errorCount" : 3,
    "errorPct" : 6.0,
    "meanResTime" : 73.0,
    "medianResTime" : 43.0,
    "minResTime" : 31.0,
    "maxResTime" : 1071.0,
    "pct1ResTime" : 71.39999999999999,
    "pct2ResTime" : 259.0499999999998,
    "pct3ResTime" : 1071.0,
    "throughput" : 0.5103498958886212,
    "receivedKBytesPerSec" : 3.7364191108173768,
    "sentKBytesPerSec" : 0.2551749479443106
  },
  "Total" : {
    "transaction" : "Total",
    "sampleCount" : 100,
    "errorCount" : 6,
    "errorPct" : 6.0,
    "meanResTime" : 116.22,
    "medianResTime" : 139.0,
    "minResTime" : 31.0,
    "maxResTime" : 1071.0,
    "pct1ResTime" : 159.8,
    "pct2ResTime" : 283.54999999999944,
    "pct3ResTime" : 1065.169999999997,
    "throughput" : 1.0191913735642142,
    "receivedKBytesPerSec" : 3.8458549486837144,
    "sentKBytesPerSec" : 0.49217786545654674
  },
  "Home50/wr2-52" : {
    "transaction" : "Home50/wr2-52",
    "sampleCount" : 50,
    "errorCount" : 3,
    "errorPct" : 6.0,
    "meanResTime" : 159.44,
    "medianResTime" : 145.0,
    "minResTime" : 137.0,
    "maxResTime" : 488.0,
    "pct1ResTime" : 163.9,
    "pct2ResTime" : 288.9,
    "pct3ResTime" : 488.0,
    "throughput" : 0.5099699117752052,
    "receivedKBytesPerSec" : 0.11504204064460197,
    "sentKBytesPerSec" : 0.23755434366872355
  }
}