{
  "Total" : {
    "transaction" : "Total",
    "sampleCount" : 100,
    "errorCount" : 7,
    "errorPct" : 7.0,
    "meanResTime" : 192.8600000000001,
    "medianResTime" : 153.0,
    "minResTime" : 137.0,
    "maxResTime" : 1149.0,
    "pct1ResTime" : 276.00000000000006,
    "pct2ResTime" : 413.49999999999943,
    "pct3ResTime" : 1142.0499999999965,
    "throughput" : 1.0085220109928899,
    "receivedKBytesPerSec" : 11.898215703948363,
    "sentKBytesPerSec" : 0.46683538399475566
  },
  "Moodle/moodle/-123" : {
    "transaction" : "Moodle/moodle/-123",
    "sampleCount" : 100,
    "errorCount" : 7,
    "errorPct" : 7.0,
    "meanResTime" : 192.8600000000001,
    "medianResTime" : 153.0,
    "minResTime" : 137.0,
    "maxResTime" : 1149.0,
    "pct1ResTime" : 276.00000000000006,
    "pct2ResTime" : 413.49999999999943,
    "pct3ResTime" : 1142.0499999999965,
    "throughput" : 1.0085220109928899,
    "receivedKBytesPerSec" : 11.898215703948363,
    "sentKBytesPerSec" : 0.46683538399475566
  }
}