{
  "Total" : {
    "transaction" : "Total",
    "sampleCount" : 200,
    "errorCount" : 101,
    "errorPct" : 50.5,
    "meanResTime" : 146.145,
    "medianResTime" : 215.0,
    "minResTime" : 12.0,
    "maxResTime" : 598.0,
    "pct1ResTime" : 282.9,
    "pct2ResTime" : 394.9,
    "pct3ResTime" : 577.8900000000001,
    "throughput" : 2.014646479908938,
    "receivedKBytesPerSec" : 3.75188558318979,
    "sentKBytesPerSec" : 0.9394469669497245
  },
  "notice100/wr2-56" : {
    "transaction" : "notice100/wr2-56",
    "sampleCount" : 100,
    "errorCount" : 100,
    "errorPct" : 100.0,
    "meanResTime" : 268.63999999999976,
    "medianResTime" : 232.0,
    "minResTime" : 214.0,
    "maxResTime" : 598.0,
    "pct1ResTime" : 394.8,
    "pct2ResTime" : 558.2499999999998,
    "pct3ResTime" : 597.8,
    "throughput" : 1.0075668268697922,
    "receivedKBytesPerSec" : 0.22729290723332227,
    "sentKBytesPerSec" : 0.46934509415712
  },
  "Home/home/notice-137" : {
    "transaction" : "Home/home/notice-137",
    "sampleCount" : 100,
    "errorCount" : 1,
    "errorPct" : 1.0,
    "meanResTime" : 23.65000000000001,
    "medianResTime" : 21.0,
    "minResTime" : 12.0,
    "maxResTime" : 278.0,
    "pct1ResTime" : 26.0,
    "pct2ResTime" : 30.0,
    "pct3ResTime" : 275.6499999999988,
    "throughput" : 1.0096828586141093,
    "receivedKBytesPerSec" : 3.532903986732767,
    "sentKBytesPerSec" : 0.4713168031421331
  }
}