{
  "Moodle50/success.txt-50" : {
    "transaction" : "Moodle50/success.txt-50",
    "sampleCount" : 50,
    "errorCount" : 0,
    "errorPct" : 0.0,
    "meanResTime" : 60.02000000000001,
    "medianResTime" : 57.0,
    "minResTime" : 53.0,
    "maxResTime" : 101.0,
    "pct1ResTime" : 69.8,
    "pct2ResTime" : 73.24999999999997,
    "pct3ResTime" : 101.0,
    "throughput" : 0.5102665632526432,
    "receivedKBytesPerSec" : 0.10763435318610443,
    "sentKBytesPerSec" : 0.159458301016451
  },
  "Total" : {
    "transaction" : "Total",
    "sampleCount" : 200,
    "errorCount" : 51,
    "errorPct" : 25.5,
    "meanResTime" : 125.31000000000006,
    "medianResTime" : 105.0,
    "minResTime" : 53.0,
    "maxResTime" : 568.0,
    "pct1ResTime" : 238.8,
    "pct2ResTime" : 255.84999999999997,
    "pct3ResTime" : 565.5000000000023,
    "throughput" : 2.030972328002031,
    "receivedKBytesPerSec" : 0.4765049822289922,
    "sentKBytesPerSec" : 0.7040968519928916
  },
  "Moodle50/wr2-48" : {
    "transaction" : "Moodle50/wr2-48",
    "sampleCount" : 50,
    "errorCount" : 50,
    "errorPct" : 100.0,
    "meanResTime" : 253.10000000000008,
    "medianResTime" : 232.0,
    "minResTime" : 215.0,
    "maxResTime" : 568.0,
    "pct1ResTime" : 289.5,
    "pct2ResTime" : 430.4999999999989,
    "pct3ResTime" : 568.0,
    "throughput" : 0.508942112924076,
    "receivedKBytesPerSec" : 0.11481018367720856,
    "sentKBytesPerSec" : 0.23707557408670338
  },
  "Moodle50/canonical.html-49" : {
    "transaction" : "Moodle50/canonical.html-49",
    "sampleCount" : 50,
    "errorCount" : 1,
    "errorPct" : 2.0,
    "meanResTime" : 127.15999999999997,
    "medianResTime" : 120.0,
    "minResTime" : 109.0,
    "maxResTime" : 197.0,
    "pct1ResTime" : 159.9,
    "pct2ResTime" : 174.64999999999992,
    "pct3ResTime" : 197.0,
    "throughput" : 0.5096060745044081,
    "receivedKBytesPerSec" : 0.1483033302756969,
    "sentKBytesPerSec" : 0.15079164118636296
  },
  "Moodle50/success.txt-51" : {
    "transaction" : "Moodle50/success.txt-51",
    "sampleCount" : 50,
    "errorCount" : 0,
    "errorPct" : 0.0,
    "meanResTime" : 60.960000000000015,
    "medianResTime" : 58.5,
    "minResTime" : 53.0,
    "maxResTime" : 99.0,
    "pct1ResTime" : 73.6,
    "pct2ResTime" : 76.89999999999999,
    "pct3ResTime" : 99.0,
    "throughput" : 0.5102561485865904,
    "receivedKBytesPerSec" : 0.10763215634248394,
    "sentKBytesPerSec" : 0.15945504643330952
  }
}