{
  "Moodle50/success.txt-50" : {
    "transaction" : "Moodle50/success.txt-50",
    "sampleCount" : 50,
    "errorCount" : 0,
    "errorPct" : 0.0,
    "meanResTime" : 60.02000000000001,
    "medianResTime" : 57.0,
    "minResTime" : 53.0,
    "maxResTime" : 101.0,
    "pct1ResTime" : 69.8,
    "pct2ResTime" : 73.24999999999997,
    "pct3ResTime" : 101.0,
    "throughput" : 0.5102665632526432,
    "receivedKBytesPerSec" : 0.10763435318610443,
    "sentKBytesPerSec" : 0.159458301016451
  },
  "Notice50/canonical.html-53" : {
    "transaction" : "Notice50/canonical.html-53",
    "sampleCount" : 50,
    "errorCount" : 0,
    "errorPct" : 0.0,
    "meanResTime" : 59.5,
    "medianResTime" : 56.5,
    "minResTime" : 53.0,
    "maxResTime" : 85.0,
    "pct1ResTime" : 74.5,
    "pct2ResTime" : 76.44999999999999,
    "pct3ResTime" : 85.0,
    "throughput" : 0.5104436776446087,
    "receivedKBytesPerSec" : 0.14854708587704435,
    "sentKBytesPerSec" : 0.1510394866467934
  },
  "Home/home-127" : {
    "transaction" : "Home/home-127",
    "sampleCount" : 50,
    "errorCount" : 3,
    "errorPct" : 6.0,
    "meanResTime" : 73.0,
    "medianResTime" : 43.0,
    "minResTime" : 31.0,
    "maxResTime" : 1071.0,
    "pct1ResTime" : 71.39999999999999,
    "pct2ResTime" : 259.0499999999998,
    "pct3ResTime" : 1071.0,
    "throughput" : 0.5103498958886212,
    "receivedKBytesPerSec" : 3.7364191108173768,
    "sentKBytesPerSec" : 0.2551749479443106
  },
  "Total" : {
    "transaction" : "Total",
    "sampleCount" : 500,
    "errorCount" : 58,
    "errorPct" : 11.6,
    "meanResTime" : 94.55000000000008,
    "medianResTime" : 59.0,
    "minResTime" : 20.0,
    "maxResTime" : 1071.0,
    "pct1ResTime" : 222.90000000000003,
    "pct2ResTime" : 239.95,
    "pct3ResTime" : 323.94000000000005,
    "throughput" : 5.057759614801028,
    "receivedKBytesPerSec" : 6.421971729652633,
    "sentKBytesPerSec" : 1.8917206371765563
  },
  "Moodle50/wr2-48" : {
    "transaction" : "Moodle50/wr2-48",
    "sampleCount" : 50,
    "errorCount" : 50,
    "errorPct" : 100.0,
    "meanResTime" : 253.10000000000008,
    "medianResTime" : 232.0,
    "minResTime" : 215.0,
    "maxResTime" : 568.0,
    "pct1ResTime" : 289.5,
    "pct2ResTime" : 430.4999999999989,
    "pct3ResTime" : 568.0,
    "throughput" : 0.508942112924076,
    "receivedKBytesPerSec" : 0.11481018367720856,
    "sentKBytesPerSec" : 0.23707557408670338
  },
  "Home50/wr2-52" : {
    "transaction" : "Home50/wr2-52",
    "sampleCount" : 50,
    "errorCount" : 3,
    "errorPct" : 6.0,
    "meanResTime" : 159.44,
    "medianResTime" : 145.0,
    "minResTime" : 137.0,
    "maxResTime" : 488.0,
    "pct1ResTime" : 163.9,
    "pct2ResTime" : 288.9,
    "pct3ResTime" : 488.0,
    "throughput" : 0.5099699117752052,
    "receivedKBytesPerSec" : 0.11504204064460197,
    "sentKBytesPerSec" : 0.23755434366872355
  },
  "Moodle50/canonical.html-49" : {
    "transaction" : "Moodle50/canonical.html-49",
    "sampleCount" : 50,
    "errorCount" : 1,
    "errorPct" : 2.0,
    "meanResTime" : 127.15999999999997,
    "medianResTime" : 120.0,
    "minResTime" : 109.0,
    "maxResTime" : 197.0,
    "pct1ResTime" : 159.9,
    "pct2ResTime" : 174.64999999999992,
    "pct3ResTime" : 197.0,
    "throughput" : 0.5096060745044081,
    "receivedKBytesPerSec" : 0.1483033302756969,
    "sentKBytesPerSec" : 0.15079164118636296
  },
  "Notice50/success.txt-55" : {
    "transaction" : "Notice50/success.txt-55",
    "sampleCount" : 50,
    "errorCount" : 0,
    "errorPct" : 0.0,
    "meanResTime" : 59.62,
    "medianResTime" : 57.0,
    "minResTime" : 53.0,
    "maxResTime" : 82.0,
    "pct1ResTime" : 67.69999999999999,
    "pct2ResTime" : 79.89999999999999,
    "pct3ResTime" : 82.0,
    "throughput" : 0.5104749458896557,
    "receivedKBytesPerSec" : 0.10767830889859926,
    "sentKBytesPerSec" : 0.15952342059051744
  },
  "Notice50/success.txt-54" : {
    "transaction" : "Notice50/success.txt-54",
    "sampleCount" : 50,
    "errorCount" : 1,
    "errorPct" : 2.0,
    "meanResTime" : 65.58,
    "medianResTime" : 58.0,
    "minResTime" : 53.0,
    "maxResTime" : 324.0,
    "pct1ResTime" : 72.8,
    "pct2ResTime" : 78.79999999999998,
    "pct3ResTime" : 324.0,
    "throughput" : 0.5104645227156713,
    "receivedKBytesPerSec" : 0.10767611026033691,
    "sentKBytesPerSec" : 0.15952016334864727
  },
  "Moodle50/success.txt-51" : {
    "transaction" : "Moodle50/success.txt-51",
    "sampleCount" : 50,
    "errorCount" : 0,
    "errorPct" : 0.0,
    "meanResTime" : 60.960000000000015,
    "medianResTime" : 58.5,
    "minResTime" : 53.0,
    "maxResTime" : 99.0,
    "pct1ResTime" : 73.6,
    "pct2ResTime" : 76.89999999999999,
    "pct3ResTime" : 99.0,
    "throughput" : 0.5102561485865904,
    "receivedKBytesPerSec" : 0.10763215634248394,
    "sentKBytesPerSec" : 0.15945504643330952
  },
  "Home/home/notice-137" : {
    "transaction" : "Home/home/notice-137",
    "sampleCount" : 50,
    "errorCount" : 0,
    "errorPct" : 0.0,
    "meanResTime" : 27.12,
    "medianResTime" : 26.0,
    "minResTime" : 20.0,
    "maxResTime" : 43.0,
    "pct1ResTime" : 32.0,
    "pct2ResTime" : 37.04999999999996,
    "pct3ResTime" : 43.0,
    "throughput" : 0.5105948429920858,
    "receivedKBytesPerSec" : 1.786583322695941,
    "sentKBytesPerSec" : 0.2383440770998213
  }
}