{
  "Home/home-127" : {
    "transaction" : "Home/home-127",
    "sampleCount" : 100,
    "errorCount" : 1,
    "errorPct" : 1.0,
    "meanResTime" : 25.90000000000001,
    "medianResTime" : 23.0,
    "minResTime" : 16.0,
    "maxResTime" : 247.0,
    "pct1ResTime" : 31.900000000000006,
    "pct2ResTime" : 35.89999999999998,
    "pct3ResTime" : 245.019999999999,
    "throughput" : 1.0097440298884233,
    "receivedKBytesPerSec" : 7.391641843792599,
    "sentKBytesPerSec" : 0.5048720149442116
  },
  "Total" : {
    "transaction" : "Total",
    "sampleCount" : 400,
    "errorCount" : 109,
    "errorPct" : 27.25,
    "meanResTime" : 127.76249999999995,
    "medianResTime" : 138.0,
    "minResTime" : 12.0,
    "maxResTime" : 1149.0,
    "pct1ResTime" : 252.90000000000003,
    "pct2ResTime" : 327.0999999999998,
    "pct3ResTime" : 566.95,
    "throughput" : 4.022526146419952,
    "receivedKBytesPerSec" : 22.971236581104183,
    "sentKBytesPerSec" : 1.9061824341311344
  },
  "notice100/wr2-56" : {
    "transaction" : "notice100/wr2-56",
    "sampleCount" : 100,
    "errorCount" : 100,
    "errorPct" : 100.0,
    "meanResTime" : 268.63999999999976,
    "medianResTime" : 232.0,
    "minResTime" : 214.0,
    "maxResTime" : 598.0,
    "pct1ResTime" : 394.8,
    "pct2ResTime" : 558.2499999999998,
    "pct3ResTime" : 597.8,
    "throughput" : 1.0075668268697922,
    "receivedKBytesPerSec" : 0.22729290723332227,
    "sentKBytesPerSec" : 0.46934509415712
  },
  "Moodle/moodle/-123" : {
    "transaction" : "Moodle/moodle/-123",
    "sampleCount" : 100,
    "errorCount" : 7,
    "errorPct" : 7.0,
    "meanResTime" : 192.8600000000001,
    "medianResTime" : 153.0,
    "minResTime" : 137.0,
    "maxResTime" : 1149.0,
    "pct1ResTime" : 276.00000000000006,
    "pct2ResTime" : 413.49999999999943,
    "pct3ResTime" : 1142.0499999999965,
    "throughput" : 1.0085220109928899,
    "receivedKBytesPerSec" : 11.898215703948363,
    "sentKBytesPerSec" : 0.46683538399475566
  },
  "Home/home/notice-137" : {
    "transaction" : "Home/home/notice-137",
    "sampleCount" : 100,
    "errorCount" : 1,
    "errorPct" : 1.0,
    "meanResTime" : 23.65000000000001,
    "medianResTime" : 21.0,
    "minResTime" : 12.0,
    "maxResTime" : 278.0,
    "pct1ResTime" : 26.0,
    "pct2ResTime" : 30.0,
    "pct3ResTime" : 275.6499999999988,
    "throughput" : 1.0096828586141093,
    "receivedKBytesPerSec" : 3.532903986732767,
    "sentKBytesPerSec" : 0.4713168031421331
  }
}