timeStamp,elapsed,label,responseCode,responseMessage,threadName,dataType,success,failureMessage,bytes,sentBytes,grpThreads,allThreads,URL,Latency,IdleTime,Connect
1734541076445,72,Home/home-127,200,OK,Sample50 1-1,text,true,,7497,512,1,1,https://cse.buet.ac.bd/home,71,0,31
1734541076517,143,Home50/wr2-52,200,OK,Sample50 1-1,text,true,,231,477,1,1,http://o.pki.goog/wr2,143,0,0
1734541078382,66,Home/home-127,200,OK,Sample50 1-2,text,true,,7497,512,1,1,https://cse.buet.ac.bd/home,66,0,41
1734541078449,150,Home50/wr2-52,200,OK,Sample50 1-2,text,true,,231,477,1,1,http://o.pki.goog/wr2,150,0,0
1734541080356,50,Home/home-127,200,OK,Sample50 1-3,text,true,,7497,512,1,2,https://cse.buet.ac.bd/home,49,0,20
1734541080406,139,Home50/wr2-52,200,OK,Sample50 1-3,text,true,,231,477,1,1,http://o.pki.goog/wr2,139,0,0
1734541082376,42,Home/home-127,200,OK,Sample50 1-4,text,true,,7497,512,1,2,https://cse.buet.ac.bd/home,42,0,12
1734541082418,145,Home50/wr2-52,200,OK,Sample50 1-4,text,true,,231,477,1,2,http://o.pki.goog/wr2,145,0,0
1734541084391,40,Home/home-127,200,OK,Sample50 1-5,text,true,,7497,512,1,2,https://cse.buet.ac.bd/home,40,0,16
1734541084432,148,Home50/wr2-52,200,OK,Sample50 1-5,text,true,,231,477,1,2,http://o.pki.goog/wr2,148,0,0
1734541086372,42,Home/home-127,200,OK,Sample50 1-6,text,true,,7497,512,1,1,https://cse.buet.ac.bd/home,42,0,15
1734541086414,143,Home50/wr2-52,200,OK,Sample50 1-6,text,true,,231,477,1,1,http://o.pki.goog/wr2,143,0,0
1734541088386,35,Home/home-127,200,OK,Sample50 1-7,text,true,,7497,512,1,1,https://cse.buet.ac.bd/home,35,0,16
1734541088421,154,Home50/wr2-52,200,OK,Sample50 1-7,text,true,,231,477,1,1,http://o.pki.goog/wr2,154,0,0
1734541090370,35,Home/home-127,200,OK,Sample50 1-8,text,true,,7497,512,1,1,https://cse.buet.ac.bd/home,34,0,13
1734541090405,142,Home50/wr2-52,200,OK,Sample50 1-8,text,true,,231,477,1,1,http://o.pki.goog/wr2,142,0,0
1734541092482,51,Home/home-127,200,OK,Sample50 1-9,text,true,,7497,512,1,1,https://cse.buet.ac.bd/home,51,0,19
1734541092534,150,Home50/wr2-52,200,OK,Sample50 1-9,text,true,,231,477,1,1,http://o.pki.goog/wr2,150,0,0
1734541094392,44,Home/home-127,200,OK,Sample50 1-10,text,true,,7497,512,1,1,https://cse.buet.ac.bd/home,44,0,18
1734541094436,137,Home50/wr2-52,200,OK,Sample50 1-10,text,true,,231,477,1,1,http://o.pki.goog/wr2,137,0,0
1734541096420,57,Home/home-127,200,OK,Sample50 1-11,text,true,,7497,512,1,2,https://cse.buet.ac.bd/home,56,0,23
1734541096477,144,Home50/wr2-52,200,OK,Sample50 1-11,text,true,,231,477,1,2,http://o.pki.goog/wr2,144,0,0
1734541098478,43,Home/home-127,200,OK,Sample50 1-12,text,true,,7497,512,1,1,https://cse.buet.ac.bd/home,42,0,19
1734541098521,164,Home50/wr2-52,200,OK,Sample50 1-12,text,true,,231,477,1,1,http://o.pki.goog/wr2,164,0,0
1734541100612,52,Home/home-127,200,OK,Sample50 1-13,text,true,,7497,512,1,1,https://cse.buet.ac.bd/home,52,0,24
1734541100664,288,Home50/wr2-52,200,OK,Sample50 1-13,text,false,"The operation lasted too long: It took 288 milliseconds, but should not have lasted longer than 190 milliseconds.",231,477,1,2,http://o.pki.goog/wr2,288,0,0
1734541102476,44,Home/home-127,200,OK,Sample50 1-14,text,true,,7497,512,1,1,https://cse.buet.ac.bd/home,43,0,20
1734541102520,163,Home50/wr2-52,200,OK,Sample50 1-14,text,true,,231,477,1,1,http://o.pki.goog/wr2,163,0,0
1734541104390,44,Home/home-127,200,OK,Sample50 1-15,text,true,,7497,512,1,1,https://cse.buet.ac.bd/home,44,0,17
1734541104435,488,Home50/wr2-52,200,OK,Sample50 1-15,text,false,"The operation lasted too long: It took 488 milliseconds, but should not have lasted longer than 190 milliseconds.",231,477,1,2,http://o.pki.goog/wr2,488,0,0
1734541106735,48,Home/home-127,200,OK,Sample50 1-16,text,true,,7497,512,1,1,https://cse.buet.ac.bd/home,48,0,16
1734541106784,160,Home50/wr2-52,200,OK,Sample50 1-16,text,true,,231,477,1,2,http://o.pki.goog/wr2,160,0,0
1734541108360,36,Home/home-127,200,OK,Sample50 1-17,text,true,,7497,512,1,1,https://cse.buet.ac.bd/home,36,0,13
1734541108397,149,Home50/wr2-52,200,OK,Sample50 1-17,text,true,,231,477,1,1,http://o.pki.goog/wr2,149,0,0
1734541110387,40,Home/home-127,200,OK,Sample50 1-18,text,true,,7497,512,1,1,https://cse.buet.ac.bd/home,39,0,21
1734541110427,149,Home50/wr2-52,200,OK,Sample50 1-18,text,true,,231,477,1,1,http://o.pki.goog/wr2,149,0,0
1734541112417,46,Home/home-127,200,OK,Sample50 1-19,text,true,,7497,512,1,1,https://cse.buet.ac.bd/home,45,0,15
1734541112463,149,Home50/wr2-52,200,OK,Sample50 1-19,text,true,,231,477,1,1,http://o.pki.goog/wr2,149,0,0
1734541114346,43,Home/home-127,200,OK,Sample50 1-20,text,true,,7497,512,1,1,https://cse.buet.ac.bd/home,43,0,19
1734541114389,139,Home50/wr2-52,200,OK,Sample50 1-20,text,true,,231,477,1,1,http://o.pki.goog/wr2,139,0,0
1734541116362,46,Home/home-127,200,OK,Sample50 1-21,text,true,,7497,512,1,1,https://cse.buet.ac.bd/home,46,0,16
1734541116409,145,Home50/wr2-52,200,OK,Sample50 1-21,text,true,,231,477,1,1,http://o.pki.goog/wr2,145,0,0
1734541118358,48,Home/home-127,200,OK,Sample50 1-22,text,true,,7497,512,1,1,https://cse.buet.ac.bd/home,47,0,24
1734541118406,149,Home50/wr2-52,200,OK,Sample50 1-22,text,true,,231,477,1,1,http://o.pki.goog/wr2,149,0,0
1734541120363,237,Home/home-127,200,OK,Sample50 1-23,text,false,"The operation lasted too long: It took 237 milliseconds, but should not have lasted longer than 190 milliseconds.",7497,512,1,1,https://cse.buet.ac.bd/home,237,0,209
1734541120601,140,Home50/wr2-52,200,OK,Sample50 1-23,text,true,,231,477,1,1,http://o.pki.goog/wr2,140,0,0
1734541122366,45,Home/home-127,200,OK,Sample50 1-24,text,true,,7497,512,1,1,https://cse.buet.ac.bd/home,45,0,15
1734541122412,142,Home50/wr2-52,200,OK,Sample50 1-24,text,true,,231,477,1,1,http://o.pki.goog/wr2,142,0,0
1734541124440,37,Home/home-127,200,OK,Sample50 1-25,text,true,,7497,512,1,1,https://cse.buet.ac.bd/home,36,0,19
1734541124478,148,Home50/wr2-52,200,OK,Sample50 1-25,text,true,,231,477,1,1,http://o.pki.goog/wr2,148,0,0
1734541126454,45,Home/home-127,200,OK,Sample50 1-26,text,true,,7497,512,1,1,https://cse.buet.ac.bd/home,44,0,19
1734541126499,145,Home50/wr2-52,200,OK,Sample50 1-26,text,true,,231,477,1,1,http://o.pki.goog/wr2,145,0,0
1734541128358,43,Home/home-127,200,OK,Sample50 1-27,text,true,,7497,512,1,1,https://cse.buet.ac.bd/home,43,0,20
1734541128401,140,Home50/wr2-52,200,OK,Sample50 1-27,text,true,,231,477,1,1,http://o.pki.goog/wr2,140,0,0
1734541130356,31,Home/home-127,200,OK,Sample50 1-28,text,true,,7497,512,1,1,https://cse.buet.ac.bd/home,30,0,12
1734541130387,140,Home50/wr2-52,200,OK,Sample50 1-28,text,true,,231,477,1,1,http://o.pki.goog/wr2,140,0,0
1734541132365,286,Home/home-127,200,OK,Sample50 1-29,text,false,"The operation lasted too long: It took 286 milliseconds, but should not have lasted longer than 190 milliseconds.",7497,512,1,1,https://cse.buet.ac.bd/home,286,0,260
1734541132651,142,Home50/wr2-52,200,OK,Sample50 1-29,text,true,,231,477,1,1,http://o.pki.goog/wr2,142,0,0
1734541134723,38,Home/home-127,200,OK,Sample50 1-30,text,true,,7497,512,1,1,https://cse.buet.ac.bd/home,38,0,18
1734541134762,148,Home50/wr2-52,200,OK,Sample50 1-30,text,true,,231,477,1,1,http://o.pki.goog/wr2,148,0,0
1734541136359,38,Home/home-127,200,OK,Sample50 1-31,text,true,,7497,512,1,1,https://cse.buet.ac.bd/home,37,0,19
1734541136397,144,Home50/wr2-52,200,OK,Sample50 1-31,text,true,,231,477,1,1,http://o.pki.goog/wr2,144,0,0
1734541138419,82,Home/home-127,200,OK,Sample50 1-32,text,true,,7497,512,1,1,https://cse.buet.ac.bd/home,82,0,58
1734541138502,143,Home50/wr2-52,200,OK,Sample50 1-32,text,true,,231,477,1,1,http://o.pki.goog/wr2,143,0,0
1734541140370,33,Home/home-127,200,OK,Sample50 1-33,text,true,,7497,512,1,1,https://cse.buet.ac.bd/home,32,0,14
1734541140403,152,Home50/wr2-52,200,OK,Sample50 1-33,text,true,,231,477,1,1,http://o.pki.goog/wr2,152,0,0
1734541142385,36,Home/home-127,200,OK,Sample50 1-34,text,true,,7497,512,1,1,https://cse.buet.ac.bd/home,35,0,17
1734541142421,141,Home50/wr2-52,200,OK,Sample50 1-34,text,true,,231,477,1,1,http://o.pki.goog/wr2,141,0,0
1734541144433,45,Home/home-127,200,OK,Sample50 1-35,text,true,,7497,512,1,1,https://cse.buet.ac.bd/home,45,0,17
1734541144478,155,Home50/wr2-52,200,OK,Sample50 1-35,text,true,,231,477,1,1,http://o.pki.goog/wr2,155,0,0
1734541146370,41,Home/home-127,200,OK,Sample50 1-36,text,true,,7497,512,1,2,https://cse.buet.ac.bd/home,41,0,21
1734541146411,142,Home50/wr2-52,200,OK,Sample50 1-36,text,true,,231,477,1,1,http://o.pki.goog/wr2,142,0,0
1734541148372,50,Home/home-127,200,OK,Sample50 1-37,text,true,,7497,512,1,1,https://cse.buet.ac.bd/home,49,0,17
1734541148422,140,Home50/wr2-52,200,OK,Sample50 1-37,text,true,,231,477,1,1,http://o.pki.goog/wr2,140,0,0
1734541150366,38,Home/home-127,200,OK,Sample50 1-38,text,true,,7497,512,1,1,https://cse.buet.ac.bd/home,38,0,15
1734541150404,149,Home50/wr2-52,200,OK,Sample50 1-38,text,true,,231,477,1,1,http://o.pki.goog/wr2,149,0,0
1734541152352,45,Home/home-127,200,OK,Sample50 1-39,text,true,,7497,512,1,1,https://cse.buet.ac.bd/home,45,0,19
1734541152398,141,Home50/wr2-52,200,OK,Sample50 1-39,text,true,,231,477,1,1,http://o.pki.goog/wr2,141,0,0
1734541154363,36,Home/home-127,200,OK,Sample50 1-40,text,true,,7497,512,1,1,https://cse.buet.ac.bd/home,36,0,13
1734541154399,165,Home50/wr2-52,200,OK,Sample50 1-40,text,true,,231,477,1,1,http://o.pki.goog/wr2,165,0,0
1734541156362,38,Home/home-127,200,OK,Sample50 1-41,text,true,,7497,512,1,1,https://cse.buet.ac.bd/home,37,0,15
1734541156400,290,Home50/wr2-52,200,OK,Sample50 1-41,text,false,"The operation lasted too long: It took 290 milliseconds, but should not have lasted longer than 190 milliseconds.",231,477,1,1,http://o.pki.goog/wr2,290,0,0
1734541158360,34,Home/home-127,200,OK,Sample50 1-42,text,true,,7497,512,1,1,https://cse.buet.ac.bd/home,34,0,15
1734541158395,154,Home50/wr2-52,200,OK,Sample50 1-42,text,true,,231,477,1,1,http://o.pki.goog/wr2,154,0,0
1734541160465,38,Home/home-127,200,OK,Sample50 1-43,text,true,,7497,512,1,1,https://cse.buet.ac.bd/home,38,0,16
1734541160503,158,Home50/wr2-52,200,OK,Sample50 1-43,text,true,,231,477,1,1,http://o.pki.goog/wr2,158,0,0
1734541162379,39,Home/home-127,200,OK,Sample50 1-44,text,true,,7497,512,1,1,https://cse.buet.ac.bd/home,39,0,19
1734541162419,146,Home50/wr2-52,200,OK,Sample50 1-44,text,true,,231,477,1,1,http://o.pki.goog/wr2,146,0,0
1734541164399,1071,Home/home-127,200,OK,Sample50 1-45,text,false,"The operation lasted too long: It took 1,071 milliseconds, but should not have lasted longer than 190 milliseconds.",7497,512,1,1,https://cse.buet.ac.bd/home,1071,0,1052
1734541165471,137,Home50/wr2-52,200,OK,Sample50 1-45,text,true,,231,477,1,1,http://o.pki.goog/wr2,137,0,0
1734541166371,43,Home/home-127,200,OK,Sample50 1-46,text,true,,7497,512,1,1,https://cse.buet.ac.bd/home,42,0,22
1734541166414,154,Home50/wr2-52,200,OK,Sample50 1-46,text,true,,231,477,1,1,http://o.pki.goog/wr2,154,0,0
1734541168376,39,Home/home-127,200,OK,Sample50 1-47,text,true,,7497,512,1,1,https://cse.buet.ac.bd/home,38,0,17
1734541168416,145,Home50/wr2-52,200,OK,Sample50 1-47,text,true,,231,477,1,1,http://o.pki.goog/wr2,145,0,0
1734541170417,39,Home/home-127,200,OK,Sample50 1-48,text,true,,7497,512,1,1,https://cse.buet.ac.bd/home,38,0,17
1734541170456,143,Home50/wr2-52,200,OK,Sample50 1-48,text,true,,231,477,1,1,http://o.pki.goog/wr2,143,0,0
1734541172348,38,Home/home-127,200,OK,Sample50 1-49,text,true,,7497,512,1,2,https://cse.buet.ac.bd/home,36,0,17
1734541172386,145,Home50/wr2-52,200,OK,Sample50 1-49,text,true,,231,477,1,1,http://o.pki.goog/wr2,145,0,0
1734541174376,41,Home/home-127,200,OK,Sample50 1-50,text,true,,7497,512,1,1,https://cse.buet.ac.bd/home,40,0,18
1734541174417,145,Home50/wr2-52,200,OK,Sample50 1-50,text,true,,231,477,1,1,http://o.pki.goog/wr2,145,0,0
