timeStamp,elapsed,label,responseCode,responseMessage,threadName,dataType,success,failureMessage,bytes,sentBytes,grpThreads,allThreads,URL,Latency,IdleTime,Connect
1734541076067,16,Home/home-127,200,OK,Sample100 2-1,text,true,,7496,512,1,2,https://cse.buet.ac.bd/home,16,0,0
1734541077080,19,Home/home-127,200,OK,Sample100 2-2,text,true,,7496,512,1,1,https://cse.buet.ac.bd/home,19,0,0
1734541078077,26,Home/home-127,200,OK,Sample100 2-3,text,true,,7496,512,1,2,https://cse.buet.ac.bd/home,26,0,0
1734541079162,38,Home/home-127,200,OK,Sample100 2-4,text,true,,7496,512,1,1,https://cse.buet.ac.bd/home,38,0,0
1734541080073,27,Home/home-127,200,OK,Sample100 2-5,text,true,,7496,512,1,2,https://cse.buet.ac.bd/home,27,0,0
1734541081196,24,Home/home-127,200,OK,Sample100 2-6,text,true,,7496,512,1,1,https://cse.buet.ac.bd/home,24,0,0
1734541082098,24,Home/home-127,200,OK,Sample100 2-7,text,true,,7496,512,1,2,https://cse.buet.ac.bd/home,23,0,0
1734541083370,49,Home/home-127,200,OK,Sample100 2-8,text,true,,7496,512,1,1,https://cse.buet.ac.bd/home,48,0,0
1734541085067,17,Home/home-127,200,OK,Sample100 2-9,text,true,,7496,512,2,2,https://cse.buet.ac.bd/home,17,0,0
1734541085077,23,Home/home-127,200,OK,Sample100 2-10,text,true,,7496,512,2,2,https://cse.buet.ac.bd/home,23,0,0
1734541086056,18,Home/home-127,200,OK,Sample100 2-11,text,true,,7496,512,1,2,https://cse.buet.ac.bd/home,17,0,0
1734541087176,31,Home/home-127,200,OK,Sample100 2-12,text,true,,7496,512,1,1,https://cse.buet.ac.bd/home,31,0,0
1734541088076,26,Home/home-127,200,OK,Sample100 2-13,text,true,,7496,512,1,2,https://cse.buet.ac.bd/home,26,0,0
1734541089185,34,Home/home-127,200,OK,Sample100 2-14,text,true,,7496,512,1,1,https://cse.buet.ac.bd/home,34,0,0
1734541090055,24,Home/home-127,200,OK,Sample100 2-15,text,true,,7496,512,1,2,https://cse.buet.ac.bd/home,24,0,0
1734541091185,26,Home/home-127,200,OK,Sample100 2-16,text,true,,7496,512,1,1,https://cse.buet.ac.bd/home,26,0,0
1734541092139,27,Home/home-127,200,OK,Sample100 2-17,text,true,,7496,512,1,2,https://cse.buet.ac.bd/home,26,0,0
1734541093058,19,Home/home-127,200,OK,Sample100 2-18,text,true,,7496,512,1,1,https://cse.buet.ac.bd/home,19,0,0
1734541094062,23,Home/home-127,200,OK,Sample100 2-19,text,true,,7496,512,1,2,https://cse.buet.ac.bd/home,23,0,0
1734541095071,32,Home/home-127,200,OK,Sample100 2-20,text,true,,7496,512,1,1,https://cse.buet.ac.bd/home,31,0,0
1734541096080,22,Home/home-127,200,OK,Sample100 2-21,text,true,,7496,512,1,2,https://cse.buet.ac.bd/home,22,0,0
1734541097254,33,Home/home-127,200,OK,Sample100 2-22,text,true,,7496,512,1,1,https://cse.buet.ac.bd/home,33,0,0
1734541098107,25,Home/home-127,200,OK,Sample100 2-23,text,true,,7496,512,1,2,https://cse.buet.ac.bd/home,24,0,0
1734541099078,29,Home/home-127,200,OK,Sample100 2-24,text,true,,7496,512,1,1,https://cse.buet.ac.bd/home,29,0,0
1734541100068,18,Home/home-127,200,OK,Sample100 2-25,text,true,,7496,512,1,2,https://cse.buet.ac.bd/home,18,0,0
1734541101106,21,Home/home-127,200,OK,Sample100 2-26,text,true,,7496,512,1,2,https://cse.buet.ac.bd/home,20,0,0
1734541102070,20,Home/home-127,200,OK,Sample100 2-27,text,true,,7496,512,1,2,https://cse.buet.ac.bd/home,19,0,0
1734541103070,26,Home/home-127,200,OK,Sample100 2-28,text,true,,7496,512,1,1,https://cse.buet.ac.bd/home,26,0,0
1734541104068,20,Home/home-127,200,OK,Sample100 2-29,text,true,,7496,512,1,2,https://cse.buet.ac.bd/home,19,0,0
1734541105126,31,Home/home-127,200,OK,Sample100 2-30,text,true,,7496,512,1,1,https://cse.buet.ac.bd/home,30,0,0
1734541106135,28,Home/home-127,200,OK,Sample100 2-31,text,true,,7496,512,1,2,https://cse.buet.ac.bd/home,27,0,0
1734541107079,28,Home/home-127,200,OK,Sample100 2-32,text,true,,7496,512,1,2,https://cse.buet.ac.bd/home,28,0,0
1734541108080,18,Home/home-127,200,OK,Sample100 2-33,text,true,,7496,512,1,2,https://cse.buet.ac.bd/home,18,0,0
1734541109068,17,Home/home-127,200,OK,Sample100 2-34,text,true,,7496,512,1,1,https://cse.buet.ac.bd/home,17,0,0
1734541110068,27,Home/home-127,200,OK,Sample100 2-35,text,true,,7496,512,1,2,https://cse.buet.ac.bd/home,26,0,0
1734541111234,36,Home/home-127,200,OK,Sample100 2-36,text,true,,7496,512,1,1,https://cse.buet.ac.bd/home,36,0,0
1734541112063,19,Home/home-127,200,OK,Sample100 2-37,text,true,,7496,512,1,2,https://cse.buet.ac.bd/home,19,0,0
1734541113068,17,Home/home-127,200,OK,Sample100 2-38,text,true,,7496,512,1,1,https://cse.buet.ac.bd/home,16,0,0
1734541114069,23,Home/home-127,200,OK,Sample100 2-39,text,true,,7496,512,1,2,https://cse.buet.ac.bd/home,23,0,0
1734541115154,23,Home/home-127,200,OK,Sample100 2-40,text,true,,7496,512,1,1,https://cse.buet.ac.bd/home,23,0,0
1734541116102,19,Home/home-127,200,OK,Sample100 2-41,text,true,,7496,512,1,2,https://cse.buet.ac.bd/home,19,0,0
1734541117077,22,Home/home-127,200,OK,Sample100 2-42,text,true,,7496,512,1,1,https://cse.buet.ac.bd/home,22,0,0
1734541118062,26,Home/home-127,200,OK,Sample100 2-43,text,true,,7496,512,1,2,https://cse.buet.ac.bd/home,25,0,0
1734541119354,25,Home/home-127,200,OK,Sample100 2-44,text,true,,7496,512,1,1,https://cse.buet.ac.bd/home,24,0,0
1734541120285,21,Home/home-127,200,OK,Sample100 2-45,text,true,,7496,512,1,2,https://cse.buet.ac.bd/home,20,0,0
1734541121075,24,Home/home-127,200,OK,Sample100 2-46,text,true,,7496,512,1,1,https://cse.buet.ac.bd/home,24,0,0
1734541122065,18,Home/home-127,200,OK,Sample100 2-47,text,true,,7496,512,1,2,https://cse.buet.ac.bd/home,17,0,0
1734541123160,247,Home/home-127,200,OK,Sample100 2-48,text,false,"The operation lasted too long: It took 247 milliseconds, but should not have lasted longer than 170 milliseconds.",7496,512,1,1,https://cse.buet.ac.bd/home,246,0,0
1734541124084,28,Home/home-127,200,OK,Sample100 2-49,text,true,,7496,512,1,2,https://cse.buet.ac.bd/home,27,0,0
1734541125216,23,Home/home-127,200,OK,Sample100 2-50,text,true,,7496,512,1,1,https://cse.buet.ac.bd/home,22,0,0
1734541126077,25,Home/home-127,200,OK,Sample100 2-51,text,true,,7496,512,1,2,https://cse.buet.ac.bd/home,25,0,0
1734541127067,24,Home/home-127,200,OK,Sample100 2-52,text,true,,7496,512,1,1,https://cse.buet.ac.bd/home,23,0,0
1734541128055,20,Home/home-127,200,OK,Sample100 2-53,text,true,,7496,512,1,2,https://cse.buet.ac.bd/home,19,0,0
1734541129120,27,Home/home-127,200,OK,Sample100 2-54,text,true,,7496,512,1,1,https://cse.buet.ac.bd/home,27,0,0
1734541130067,16,Home/home-127,200,OK,Sample100 2-55,text,true,,7496,512,1,2,https://cse.buet.ac.bd/home,16,0,0
1734541131176,26,Home/home-127,200,OK,Sample100 2-56,text,true,,7496,512,1,1,https://cse.buet.ac.bd/home,26,0,0
1734541132340,30,Home/home-127,200,OK,Sample100 2-57,text,true,,7496,512,1,2,https://cse.buet.ac.bd/home,30,0,0
1734541133365,26,Home/home-127,200,OK,Sample100 2-58,text,true,,7496,512,1,1,https://cse.buet.ac.bd/home,25,0,0
1734541134069,23,Home/home-127,200,OK,Sample100 2-59,text,true,,7496,512,1,2,https://cse.buet.ac.bd/home,23,0,0
1734541135075,25,Home/home-127,200,OK,Sample100 2-60,text,true,,7496,512,1,2,https://cse.buet.ac.bd/home,24,0,0
1734541136083,26,Home/home-127,200,OK,Sample100 2-61,text,true,,7496,512,1,2,https://cse.buet.ac.bd/home,26,0,0
1734541137073,22,Home/home-127,200,OK,Sample100 2-62,text,true,,7496,512,1,1,https://cse.buet.ac.bd/home,22,0,0
1734541138068,19,Home/home-127,200,OK,Sample100 2-63,text,true,,7496,512,1,2,https://cse.buet.ac.bd/home,18,0,0
1734541139073,19,Home/home-127,200,OK,Sample100 2-64,text,true,,7496,512,1,1,https://cse.buet.ac.bd/home,19,0,0
1734541140101,17,Home/home-127,200,OK,Sample100 2-65,text,true,,7496,512,1,2,https://cse.buet.ac.bd/home,17,0,0
1734541141080,20,Home/home-127,200,OK,Sample100 2-66,text,true,,7496,512,1,1,https://cse.buet.ac.bd/home,19,0,0
1734541142079,32,Home/home-127,200,OK,Sample100 2-67,text,true,,7496,512,1,2,https://cse.buet.ac.bd/home,31,0,0
1734541143085,22,Home/home-127,200,OK,Sample100 2-68,text,true,,7496,512,1,1,https://cse.buet.ac.bd/home,21,0,0
1734541144074,24,Home/home-127,200,OK,Sample100 2-69,text,true,,7496,512,1,2,https://cse.buet.ac.bd/home,23,0,0
1734541145062,25,Home/home-127,200,OK,Sample100 2-70,text,true,,7496,512,1,1,https://cse.buet.ac.bd/home,25,0,0
1734541146086,24,Home/home-127,200,OK,Sample100 2-71,text,true,,7496,512,1,2,https://cse.buet.ac.bd/home,24,0,0
1734541147071,22,Home/home-127,200,OK,Sample100 2-72,text,true,,7496,512,1,1,https://cse.buet.ac.bd/home,22,0,0
1734541148069,36,Home/home-127,200,OK,Sample100 2-73,text,true,,7496,512,1,2,https://cse.buet.ac.bd/home,36,0,0
1734541149068,25,Home/home-127,200,OK,Sample100 2-74,text,true,,7496,512,1,1,https://cse.buet.ac.bd/home,24,0,0
1734541150058,22,Home/home-127,200,OK,Sample100 2-75,text,true,,7496,512,1,2,https://cse.buet.ac.bd/home,22,0,0
1734541151075,19,Home/home-127,200,OK,Sample100 2-76,text,true,,7496,512,1,1,https://cse.buet.ac.bd/home,19,0,0
1734541152070,22,Home/home-127,200,OK,Sample100 2-77,text,true,,7496,512,1,2,https://cse.buet.ac.bd/home,21,0,0
1734541153060,18,Home/home-127,200,OK,Sample100 2-78,text,true,,7496,512,1,1,https://cse.buet.ac.bd/home,18,0,0
1734541154062,21,Home/home-127,200,OK,Sample100 2-79,text,true,,7496,512,1,2,https://cse.buet.ac.bd/home,21,0,0
1734541155077,18,Home/home-127,200,OK,Sample100 2-80,text,true,,7496,512,1,1,https://cse.buet.ac.bd/home,18,0,0
1734541156071,18,Home/home-127,200,OK,Sample100 2-81,text,true,,7496,512,1,2,https://cse.buet.ac.bd/home,18,0,0
1734541157069,19,Home/home-127,200,OK,Sample100 2-82,text,true,,7496,512,1,1,https://cse.buet.ac.bd/home,19,0,0
1734541158061,29,Home/home-127,200,OK,Sample100 2-83,text,true,,7496,512,1,2,https://cse.buet.ac.bd/home,28,0,0
1734541159065,18,Home/home-127,200,OK,Sample100 2-84,text,true,,7496,512,1,1,https://cse.buet.ac.bd/home,18,0,0
1734541160067,21,Home/home-127,200,OK,Sample100 2-85,text,true,,7496,512,1,2,https://cse.buet.ac.bd/home,21,0,0
1734541161082,21,Home/home-127,200,OK,Sample100 2-86,text,true,,7496,512,1,1,https://cse.buet.ac.bd/home,20,0,0
1734541162072,17,Home/home-127,200,OK,Sample100 2-87,text,true,,7496,512,1,2,https://cse.buet.ac.bd/home,16,0,0
1734541163072,23,Home/home-127,200,OK,Sample100 2-88,text,true,,7496,512,1,1,https://cse.buet.ac.bd/home,22,0,0
1734541164074,23,Home/home-127,200,OK,Sample100 2-89,text,true,,7496,512,1,2,https://cse.buet.ac.bd/home,23,0,0
1734541165073,17,Home/home-127,200,OK,Sample100 2-90,text,true,,7496,512,1,2,https://cse.buet.ac.bd/home,17,0,0
1734541166078,24,Home/home-127,200,OK,Sample100 2-91,text,true,,7496,512,1,2,https://cse.buet.ac.bd/home,24,0,0
1734541167126,18,Home/home-127,200,OK,Sample100 2-92,text,true,,7496,512,1,1,https://cse.buet.ac.bd/home,17,0,0
1734541168101,20,Home/home-127,200,OK,Sample100 2-93,text,true,,7496,512,1,2,https://cse.buet.ac.bd/home,19,0,0
1734541169153,25,Home/home-127,200,OK,Sample100 2-94,text,true,,7496,512,1,1,https://cse.buet.ac.bd/home,24,0,0
1734541170069,22,Home/home-127,200,OK,Sample100 2-95,text,true,,7496,512,1,2,https://cse.buet.ac.bd/home,21,0,0
1734541171078,21,Home/home-127,200,OK,Sample100 2-96,text,true,,7496,512,1,1,https://cse.buet.ac.bd/home,20,0,0
1734541172069,19,Home/home-127,200,OK,Sample100 2-97,text,true,,7496,512,1,2,https://cse.buet.ac.bd/home,18,0,0
1734541173114,34,Home/home-127,200,OK,Sample100 2-98,text,true,,7496,512,1,1,https://cse.buet.ac.bd/home,33,0,0
1734541174063,20,Home/home-127,200,OK,Sample100 2-99,text,true,,7496,512,1,2,https://cse.buet.ac.bd/home,19,0,0
1734541175073,29,Home/home-127,200,OK,Sample100 2-100,text,true,,7496,512,1,1,https://cse.buet.ac.bd/home,28,0,0
