timeStamp,elapsed,label,responseCode,responseMessage,threadName,dataType,success,failureMessage,bytes,sentBytes,grpThreads,allThreads,URL,Latency,IdleTime,Connect
1734541075900,243,Moodle50/wr2-48,200,OK,Sample50 1-1,text,false,"The operation lasted too long: It took 243 milliseconds, but should not have lasted longer than 196 milliseconds.",231,477,1,2,http://o.pki.goog/wr2,243,0,87
1734541076144,184,Moodle50/canonical.html-49,200,OK,Sample50 1-1,text,true,,298,303,1,2,http://detectportal.firefox.com/canonical.html,184,0,120
1734541076328,58,Moodle50/success.txt-51,200,OK,Sample50 1-1,text,true,,216,320,1,1,http://detectportal.firefox.com/success.txt?ipv6,58,0,0
1734541076387,57,Moodle50/success.txt-50,200,OK,Sample50 1-1,text,true,,216,320,1,1,http://detectportal.firefox.com/success.txt?ipv4,57,0,0
1734541077901,241,Moodle50/wr2-48,200,OK,Sample50 1-2,text,false,"The operation lasted too long: It took 241 milliseconds, but should not have lasted longer than 196 milliseconds.",231,477,1,2,http://o.pki.goog/wr2,241,0,93
1734541078142,123,Moodle50/canonical.html-49,200,OK,Sample50 1-2,text,true,,298,303,1,2,http://detectportal.firefox.com/canonical.html,123,0,62
1734541078265,60,Moodle50/success.txt-51,200,OK,Sample50 1-2,text,true,,216,320,1,2,http://detectportal.firefox.com/success.txt?ipv6,60,0,0
1734541078325,57,Moodle50/success.txt-50,200,OK,Sample50 1-2,text,true,,216,320,1,1,http://detectportal.firefox.com/success.txt?ipv4,57,0,0
1734541079902,231,Moodle50/wr2-48,200,OK,Sample50 1-3,text,false,"The operation lasted too long: It took 231 milliseconds, but should not have lasted longer than 196 milliseconds.",231,477,1,2,http://o.pki.goog/wr2,231,0,90
1734541080133,111,Moodle50/canonical.html-49,200,OK,Sample50 1-3,text,true,,298,303,1,2,http://detectportal.firefox.com/canonical.html,111,0,58
1734541080245,53,Moodle50/success.txt-51,200,OK,Sample50 1-3,text,true,,216,320,1,2,http://detectportal.firefox.com/success.txt?ipv6,53,0,0
1734541080299,57,Moodle50/success.txt-50,200,OK,Sample50 1-3,text,true,,216,320,1,2,http://detectportal.firefox.com/success.txt?ipv4,57,0,0
1734541081900,225,Moodle50/wr2-48,200,OK,Sample50 1-4,text,false,"The operation lasted too long: It took 225 milliseconds, but should not have lasted longer than 196 milliseconds.",231,477,1,2,http://o.pki.goog/wr2,225,0,80
1734541082126,127,Moodle50/canonical.html-49,200,OK,Sample50 1-4,text,true,,298,303,1,2,http://detectportal.firefox.com/canonical.html,127,0,68
1734541082253,59,Moodle50/success.txt-51,200,OK,Sample50 1-4,text,true,,216,320,1,2,http://detectportal.firefox.com/success.txt?ipv6,59,0,0
1734541082312,63,Moodle50/success.txt-50,200,OK,Sample50 1-4,text,true,,216,320,1,2,http://detectportal.firefox.com/success.txt?ipv4,63,0,0
1734541083899,246,Moodle50/wr2-48,200,OK,Sample50 1-5,text,false,"The operation lasted too long: It took 246 milliseconds, but should not have lasted longer than 196 milliseconds.",231,477,1,2,http://o.pki.goog/wr2,246,0,88
1734541084146,127,Moodle50/canonical.html-49,200,OK,Sample50 1-5,text,true,,298,303,1,2,http://detectportal.firefox.com/canonical.html,127,0,65
1734541084273,61,Moodle50/success.txt-51,200,OK,Sample50 1-5,text,true,,216,320,1,2,http://detectportal.firefox.com/success.txt?ipv6,61,0,0
1734541084334,57,Moodle50/success.txt-50,200,OK,Sample50 1-5,text,true,,216,320,1,2,http://detectportal.firefox.com/success.txt?ipv4,57,0,0
1734541085914,229,Moodle50/wr2-48,200,OK,Sample50 1-6,text,false,"The operation lasted too long: It took 229 milliseconds, but should not have lasted longer than 196 milliseconds.",231,477,1,2,http://o.pki.goog/wr2,229,0,85
1734541086144,117,Moodle50/canonical.html-49,200,OK,Sample50 1-6,text,true,,298,303,1,2,http://detectportal.firefox.com/canonical.html,117,0,56
1734541086261,57,Moodle50/success.txt-51,200,OK,Sample50 1-6,text,true,,216,320,1,1,http://detectportal.firefox.com/success.txt?ipv6,57,0,0
1734541086318,54,Moodle50/success.txt-50,200,OK,Sample50 1-6,text,true,,216,320,1,1,http://detectportal.firefox.com/success.txt?ipv4,54,0,0
1734541087901,241,Moodle50/wr2-48,200,OK,Sample50 1-7,text,false,"The operation lasted too long: It took 241 milliseconds, but should not have lasted longer than 196 milliseconds.",231,477,1,2,http://o.pki.goog/wr2,241,0,86
1734541088143,121,Moodle50/canonical.html-49,200,OK,Sample50 1-7,text,true,,298,303,1,2,http://detectportal.firefox.com/canonical.html,121,0,62
1734541088264,58,Moodle50/success.txt-51,200,OK,Sample50 1-7,text,true,,216,320,1,2,http://detectportal.firefox.com/success.txt?ipv6,58,0,0
1734541088322,63,Moodle50/success.txt-50,200,OK,Sample50 1-7,text,true,,216,320,1,1,http://detectportal.firefox.com/success.txt?ipv4,63,0,0
1734541089901,237,Moodle50/wr2-48,200,OK,Sample50 1-8,text,false,"The operation lasted too long: It took 237 milliseconds, but should not have lasted longer than 196 milliseconds.",231,477,1,2,http://o.pki.goog/wr2,237,0,87
1734541090139,120,Moodle50/canonical.html-49,200,OK,Sample50 1-8,text,true,,298,303,1,2,http://detectportal.firefox.com/canonical.html,120,0,60
1734541090259,56,Moodle50/success.txt-51,200,OK,Sample50 1-8,text,true,,216,320,1,2,http://detectportal.firefox.com/success.txt?ipv6,56,0,0
1734541090315,54,Moodle50/success.txt-50,200,OK,Sample50 1-8,text,true,,216,320,1,1,http://detectportal.firefox.com/success.txt?ipv4,54,0,0
1734541091901,275,Moodle50/wr2-48,200,OK,Sample50 1-9,text,false,"The operation lasted too long: It took 275 milliseconds, but should not have lasted longer than 196 milliseconds.",231,477,1,2,http://o.pki.goog/wr2,275,0,105
1734541092177,167,Moodle50/canonical.html-49,200,OK,Sample50 1-9,text,true,,298,303,1,2,http://detectportal.firefox.com/canonical.html,167,0,90
1734541092344,70,Moodle50/success.txt-51,200,OK,Sample50 1-9,text,true,,216,320,1,2,http://detectportal.firefox.com/success.txt?ipv6,70,0,0
1734541092415,66,Moodle50/success.txt-50,200,OK,Sample50 1-9,text,true,,216,320,1,2,http://detectportal.firefox.com/success.txt?ipv4,66,0,0
1734541093901,240,Moodle50/wr2-48,200,OK,Sample50 1-10,text,false,"The operation lasted too long: It took 240 milliseconds, but should not have lasted longer than 196 milliseconds.",231,477,1,2,http://o.pki.goog/wr2,240,0,82
1734541094141,117,Moodle50/canonical.html-49,200,OK,Sample50 1-10,text,true,,298,303,1,2,http://detectportal.firefox.com/canonical.html,117,0,61
1734541094258,76,Moodle50/success.txt-51,200,OK,Sample50 1-10,text,true,,216,320,1,2,http://detectportal.firefox.com/success.txt?ipv6,76,0,0
1734541094335,57,Moodle50/success.txt-50,200,OK,Sample50 1-10,text,true,,216,320,1,1,http://detectportal.firefox.com/success.txt?ipv4,57,0,0
1734541095900,249,Moodle50/wr2-48,200,OK,Sample50 1-11,text,false,"The operation lasted too long: It took 249 milliseconds, but should not have lasted longer than 196 milliseconds.",231,477,1,2,http://o.pki.goog/wr2,249,0,99
1734541096150,137,Moodle50/canonical.html-49,200,OK,Sample50 1-11,text,true,,298,303,1,2,http://detectportal.firefox.com/canonical.html,137,0,65
1734541096287,61,Moodle50/success.txt-51,200,OK,Sample50 1-11,text,true,,216,320,1,2,http://detectportal.firefox.com/success.txt?ipv6,61,0,0
1734541096348,71,Moodle50/success.txt-50,200,OK,Sample50 1-11,text,true,,216,320,1,2,http://detectportal.firefox.com/success.txt?ipv4,71,0,0
1734541097902,271,Moodle50/wr2-48,200,OK,Sample50 1-12,text,false,"The operation lasted too long: It took 271 milliseconds, but should not have lasted longer than 196 milliseconds.",231,477,1,2,http://o.pki.goog/wr2,271,0,99
1734541098174,154,Moodle50/canonical.html-49,200,OK,Sample50 1-12,text,true,,298,303,1,2,http://detectportal.firefox.com/canonical.html,154,0,81
1734541098328,78,Moodle50/success.txt-51,200,OK,Sample50 1-12,text,true,,216,320,1,2,http://detectportal.firefox.com/success.txt?ipv6,78,0,0
1734541098406,71,Moodle50/success.txt-50,200,OK,Sample50 1-12,text,true,,216,320,1,1,http://detectportal.firefox.com/success.txt?ipv4,71,0,0
1734541099903,309,Moodle50/wr2-48,200,OK,Sample50 1-13,text,false,"The operation lasted too long: It took 309 milliseconds, but should not have lasted longer than 196 milliseconds.",231,477,1,2,http://o.pki.goog/wr2,309,0,127
1734541100213,197,Moodle50/canonical.html-49,200,OK,Sample50 1-13,text,false,"The operation lasted too long: It took 197 milliseconds, but should not have lasted longer than 196 milliseconds.",298,303,1,2,http://detectportal.firefox.com/canonical.html,197,0,95
1734541100411,99,Moodle50/success.txt-51,200,OK,Sample50 1-13,text,true,,216,320,1,1,http://detectportal.firefox.com/success.txt?ipv6,99,0,0
1734541100510,101,Moodle50/success.txt-50,200,OK,Sample50 1-13,text,true,,216,320,1,1,http://detectportal.firefox.com/success.txt?ipv4,101,0,0
1734541101902,268,Moodle50/wr2-48,200,OK,Sample50 1-14,text,false,"The operation lasted too long: It took 268 milliseconds, but should not have lasted longer than 196 milliseconds.",231,477,1,2,http://o.pki.goog/wr2,268,0,100
1734541102171,160,Moodle50/canonical.html-49,200,OK,Sample50 1-14,text,true,,298,303,1,2,http://detectportal.firefox.com/canonical.html,160,0,78
1734541102331,74,Moodle50/success.txt-51,200,OK,Sample50 1-14,text,true,,216,320,1,1,http://detectportal.firefox.com/success.txt?ipv6,74,0,0
1734541102405,70,Moodle50/success.txt-50,200,OK,Sample50 1-14,text,true,,216,320,1,1,http://detectportal.firefox.com/success.txt?ipv4,70,0,0
1734541103901,256,Moodle50/wr2-48,200,OK,Sample50 1-15,text,false,"The operation lasted too long: It took 256 milliseconds, but should not have lasted longer than 196 milliseconds.",231,477,1,2,http://o.pki.goog/wr2,256,0,99
1734541104158,113,Moodle50/canonical.html-49,200,OK,Sample50 1-15,text,true,,298,303,1,2,http://detectportal.firefox.com/canonical.html,113,0,57
1734541104271,58,Moodle50/success.txt-51,200,OK,Sample50 1-15,text,true,,216,320,1,2,http://detectportal.firefox.com/success.txt?ipv6,58,0,0
1734541104329,60,Moodle50/success.txt-50,200,OK,Sample50 1-15,text,true,,216,320,1,1,http://detectportal.firefox.com/success.txt?ipv4,60,0,0
1734541105900,568,Moodle50/wr2-48,200,OK,Sample50 1-16,text,false,"The operation lasted too long: It took 568 milliseconds, but should not have lasted longer than 196 milliseconds.",231,477,1,2,http://o.pki.goog/wr2,568,0,91
1734541106469,136,Moodle50/canonical.html-49,200,OK,Sample50 1-16,text,true,,298,303,1,1,http://detectportal.firefox.com/canonical.html,136,0,75
1734541106605,62,Moodle50/success.txt-51,200,OK,Sample50 1-16,text,true,,216,320,1,1,http://detectportal.firefox.com/success.txt?ipv6,62,0,0
1734541106668,66,Moodle50/success.txt-50,200,OK,Sample50 1-16,text,true,,216,320,1,1,http://detectportal.firefox.com/success.txt?ipv4,66,0,0
1734541107899,221,Moodle50/wr2-48,200,OK,Sample50 1-17,text,false,"The operation lasted too long: It took 221 milliseconds, but should not have lasted longer than 196 milliseconds.",231,477,1,2,http://o.pki.goog/wr2,221,0,80
1734541108121,125,Moodle50/canonical.html-49,200,OK,Sample50 1-17,text,true,,298,303,1,2,http://detectportal.firefox.com/canonical.html,125,0,63
1734541108246,56,Moodle50/success.txt-51,200,OK,Sample50 1-17,text,true,,216,320,1,2,http://detectportal.firefox.com/success.txt?ipv6,56,0,0
1734541108303,56,Moodle50/success.txt-50,200,OK,Sample50 1-17,text,true,,216,320,1,1,http://detectportal.firefox.com/success.txt?ipv4,56,0,0
1734541109901,231,Moodle50/wr2-48,200,OK,Sample50 1-18,text,false,"The operation lasted too long: It took 231 milliseconds, but should not have lasted longer than 196 milliseconds.",231,477,1,2,http://o.pki.goog/wr2,231,0,83
1734541110133,132,Moodle50/canonical.html-49,200,OK,Sample50 1-18,text,true,,298,303,1,2,http://detectportal.firefox.com/canonical.html,132,0,61
1734541110265,60,Moodle50/success.txt-51,200,OK,Sample50 1-18,text,true,,216,320,1,2,http://detectportal.firefox.com/success.txt?ipv6,60,0,0
1734541110325,61,Moodle50/success.txt-50,200,OK,Sample50 1-18,text,true,,216,320,1,1,http://detectportal.firefox.com/success.txt?ipv4,61,0,0
1734541111903,226,Moodle50/wr2-48,200,OK,Sample50 1-19,text,false,"The operation lasted too long: It took 226 milliseconds, but should not have lasted longer than 196 milliseconds.",231,477,1,2,http://o.pki.goog/wr2,226,0,79
1734541112130,138,Moodle50/canonical.html-49,200,OK,Sample50 1-19,text,true,,298,303,1,2,http://detectportal.firefox.com/canonical.html,138,0,71
1734541112269,70,Moodle50/success.txt-51,200,OK,Sample50 1-19,text,true,,216,320,1,2,http://detectportal.firefox.com/success.txt?ipv6,70,0,0
1734541112340,76,Moodle50/success.txt-50,200,OK,Sample50 1-19,text,true,,216,320,1,1,http://detectportal.firefox.com/success.txt?ipv4,76,0,0
1734541113900,218,Moodle50/wr2-48,200,OK,Sample50 1-20,text,false,"The operation lasted too long: It took 218 milliseconds, but should not have lasted longer than 196 milliseconds.",231,477,1,2,http://o.pki.goog/wr2,218,0,77
1734541114119,116,Moodle50/canonical.html-49,200,OK,Sample50 1-20,text,true,,298,303,1,2,http://detectportal.firefox.com/canonical.html,116,0,60
1734541114235,56,Moodle50/success.txt-51,200,OK,Sample50 1-20,text,true,,216,320,1,2,http://detectportal.firefox.com/success.txt?ipv6,56,0,0
1734541114292,54,Moodle50/success.txt-50,200,OK,Sample50 1-20,text,true,,216,320,1,1,http://detectportal.firefox.com/success.txt?ipv4,54,0,0
1734541115901,227,Moodle50/wr2-48,200,OK,Sample50 1-21,text,false,"The operation lasted too long: It took 227 milliseconds, but should not have lasted longer than 196 milliseconds.",231,477,1,2,http://o.pki.goog/wr2,227,0,83
1734541116129,114,Moodle50/canonical.html-49,200,OK,Sample50 1-21,text,true,,298,303,1,2,http://detectportal.firefox.com/canonical.html,114,0,58
1734541116243,59,Moodle50/success.txt-51,200,OK,Sample50 1-21,text,true,,216,320,1,2,http://detectportal.firefox.com/success.txt?ipv6,59,0,0
1734541116303,59,Moodle50/success.txt-50,200,OK,Sample50 1-21,text,true,,216,320,1,1,http://detectportal.firefox.com/success.txt?ipv4,59,0,0
1734541117900,229,Moodle50/wr2-48,200,OK,Sample50 1-22,text,false,"The operation lasted too long: It took 229 milliseconds, but should not have lasted longer than 196 milliseconds.",231,477,1,2,http://o.pki.goog/wr2,229,0,83
1734541118130,113,Moodle50/canonical.html-49,200,OK,Sample50 1-22,text,true,,298,303,1,2,http://detectportal.firefox.com/canonical.html,113,0,57
1734541118243,56,Moodle50/success.txt-51,200,OK,Sample50 1-22,text,true,,216,320,1,2,http://detectportal.firefox.com/success.txt?ipv6,56,0,0
1734541118299,58,Moodle50/success.txt-50,200,OK,Sample50 1-22,text,true,,216,320,1,1,http://detectportal.firefox.com/success.txt?ipv4,58,0,0
1734541119902,222,Moodle50/wr2-48,200,OK,Sample50 1-23,text,false,"The operation lasted too long: It took 222 milliseconds, but should not have lasted longer than 196 milliseconds.",231,477,1,2,http://o.pki.goog/wr2,222,0,78
1734541120125,117,Moodle50/canonical.html-49,200,OK,Sample50 1-23,text,true,,298,303,1,2,http://detectportal.firefox.com/canonical.html,117,0,59
1734541120243,61,Moodle50/success.txt-51,200,OK,Sample50 1-23,text,true,,216,320,1,2,http://detectportal.firefox.com/success.txt?ipv6,61,0,0
1734541120304,58,Moodle50/success.txt-50,200,OK,Sample50 1-23,text,true,,216,320,1,2,http://detectportal.firefox.com/success.txt?ipv4,58,0,0
1734541121901,236,Moodle50/wr2-48,200,OK,Sample50 1-24,text,false,"The operation lasted too long: It took 236 milliseconds, but should not have lasted longer than 196 milliseconds.",231,477,1,2,http://o.pki.goog/wr2,236,0,88
1734541122138,114,Moodle50/canonical.html-49,200,OK,Sample50 1-24,text,true,,298,303,1,2,http://detectportal.firefox.com/canonical.html,114,0,58
1734541122253,56,Moodle50/success.txt-51,200,OK,Sample50 1-24,text,true,,216,320,1,2,http://detectportal.firefox.com/success.txt?ipv6,56,0,0
1734541122309,56,Moodle50/success.txt-50,200,OK,Sample50 1-24,text,true,,216,320,1,1,http://detectportal.firefox.com/success.txt?ipv4,56,0,0
1734541123900,276,Moodle50/wr2-48,200,OK,Sample50 1-25,text,false,"The operation lasted too long: It took 276 milliseconds, but should not have lasted longer than 196 milliseconds.",231,477,1,2,http://o.pki.goog/wr2,276,0,106
1734541124177,130,Moodle50/canonical.html-49,200,OK,Sample50 1-25,text,true,,298,303,1,2,http://detectportal.firefox.com/canonical.html,130,0,69
1734541124307,67,Moodle50/success.txt-51,200,OK,Sample50 1-25,text,true,,216,320,1,2,http://detectportal.firefox.com/success.txt?ipv6,67,0,0
1734541124374,66,Moodle50/success.txt-50,200,OK,Sample50 1-25,text,true,,216,320,1,1,http://detectportal.firefox.com/success.txt?ipv4,66,0,0
1734541125899,291,Moodle50/wr2-48,200,OK,Sample50 1-26,text,false,"The operation lasted too long: It took 291 milliseconds, but should not have lasted longer than 196 milliseconds.",231,477,1,2,http://o.pki.goog/wr2,291,0,79
1734541126191,150,Moodle50/canonical.html-49,200,OK,Sample50 1-26,text,true,,298,303,1,2,http://detectportal.firefox.com/canonical.html,150,0,90
1734541126341,58,Moodle50/success.txt-51,200,OK,Sample50 1-26,text,true,,216,320,1,1,http://detectportal.firefox.com/success.txt?ipv6,58,0,0
1734541126400,54,Moodle50/success.txt-50,200,OK,Sample50 1-26,text,true,,216,320,1,1,http://detectportal.firefox.com/success.txt?ipv4,54,0,0
1734541127901,222,Moodle50/wr2-48,200,OK,Sample50 1-27,text,false,"The operation lasted too long: It took 222 milliseconds, but should not have lasted longer than 196 milliseconds.",231,477,1,2,http://o.pki.goog/wr2,222,0,83
1734541128124,117,Moodle50/canonical.html-49,200,OK,Sample50 1-27,text,true,,298,303,1,2,http://detectportal.firefox.com/canonical.html,117,0,60
1734541128242,59,Moodle50/success.txt-51,200,OK,Sample50 1-27,text,true,,216,320,1,2,http://detectportal.firefox.com/success.txt?ipv6,59,0,0
1734541128301,57,Moodle50/success.txt-50,200,OK,Sample50 1-27,text,true,,216,320,1,1,http://detectportal.firefox.com/success.txt?ipv4,57,0,0
1734541129906,226,Moodle50/wr2-48,200,OK,Sample50 1-28,text,false,"The operation lasted too long: It took 226 milliseconds, but should not have lasted longer than 196 milliseconds.",231,477,1,2,http://o.pki.goog/wr2,226,0,83
1734541130132,110,Moodle50/canonical.html-49,200,OK,Sample50 1-28,text,true,,298,303,1,2,http://detectportal.firefox.com/canonical.html,110,0,56
1734541130242,57,Moodle50/success.txt-51,200,OK,Sample50 1-28,text,true,,216,320,1,2,http://detectportal.firefox.com/success.txt?ipv6,57,0,0
1734541130299,56,Moodle50/success.txt-50,200,OK,Sample50 1-28,text,true,,216,320,1,1,http://detectportal.firefox.com/success.txt?ipv4,56,0,0
1734541131909,224,Moodle50/wr2-48,200,OK,Sample50 1-29,text,false,"The operation lasted too long: It took 224 milliseconds, but should not have lasted longer than 196 milliseconds.",231,477,1,2,http://o.pki.goog/wr2,224,0,79
1734541132134,110,Moodle50/canonical.html-49,200,OK,Sample50 1-29,text,true,,298,303,1,2,http://detectportal.firefox.com/canonical.html,110,0,55
1734541132245,61,Moodle50/success.txt-51,200,OK,Sample50 1-29,text,true,,216,320,1,2,http://detectportal.firefox.com/success.txt?ipv6,61,0,0
1734541132306,58,Moodle50/success.txt-50,200,OK,Sample50 1-29,text,true,,216,320,1,2,http://detectportal.firefox.com/success.txt?ipv4,58,0,0
1734541133905,568,Moodle50/wr2-48,200,OK,Sample50 1-30,text,false,"The operation lasted too long: It took 568 milliseconds, but should not have lasted longer than 196 milliseconds.",231,477,1,1,http://o.pki.goog/wr2,568,0,82
1734541134474,127,Moodle50/canonical.html-49,200,OK,Sample50 1-30,text,true,,298,303,1,1,http://detectportal.firefox.com/canonical.html,127,0,70
1734541134602,64,Moodle50/success.txt-51,200,OK,Sample50 1-30,text,true,,216,320,1,1,http://detectportal.firefox.com/success.txt?ipv6,64,0,0
1734541134666,56,Moodle50/success.txt-50,200,OK,Sample50 1-30,text,true,,216,320,1,1,http://detectportal.firefox.com/success.txt?ipv4,56,0,0
1734541135904,231,Moodle50/wr2-48,200,OK,Sample50 1-31,text,false,"The operation lasted too long: It took 231 milliseconds, but should not have lasted longer than 196 milliseconds.",231,477,1,2,http://o.pki.goog/wr2,231,0,87
1734541136135,109,Moodle50/canonical.html-49,200,OK,Sample50 1-31,text,true,,298,303,1,2,http://detectportal.firefox.com/canonical.html,109,0,54
1734541136244,58,Moodle50/success.txt-51,200,OK,Sample50 1-31,text,true,,216,320,1,2,http://detectportal.firefox.com/success.txt?ipv6,58,0,0
1734541136302,56,Moodle50/success.txt-50,200,OK,Sample50 1-31,text,true,,216,320,1,1,http://detectportal.firefox.com/success.txt?ipv4,56,0,0
1734541137906,222,Moodle50/wr2-48,200,OK,Sample50 1-32,text,false,"The operation lasted too long: It took 222 milliseconds, but should not have lasted longer than 196 milliseconds.",231,477,1,2,http://o.pki.goog/wr2,222,0,82
1734541138129,166,Moodle50/canonical.html-49,200,OK,Sample50 1-32,text,true,,298,303,1,2,http://detectportal.firefox.com/canonical.html,166,0,103
1734541138296,57,Moodle50/success.txt-51,200,OK,Sample50 1-32,text,true,,216,320,1,1,http://detectportal.firefox.com/success.txt?ipv6,57,0,0
1734541138353,65,Moodle50/success.txt-50,200,OK,Sample50 1-32,text,true,,216,320,1,1,http://detectportal.firefox.com/success.txt?ipv4,65,0,0
1734541139901,236,Moodle50/wr2-48,200,OK,Sample50 1-33,text,false,"The operation lasted too long: It took 236 milliseconds, but should not have lasted longer than 196 milliseconds.",231,477,1,2,http://o.pki.goog/wr2,236,0,94
1734541140138,120,Moodle50/canonical.html-49,200,OK,Sample50 1-33,text,true,,298,303,1,2,http://detectportal.firefox.com/canonical.html,120,0,56
1734541140259,54,Moodle50/success.txt-51,200,OK,Sample50 1-33,text,true,,216,320,1,2,http://detectportal.firefox.com/success.txt?ipv6,54,0,0
1734541140314,56,Moodle50/success.txt-50,200,OK,Sample50 1-33,text,true,,216,320,1,2,http://detectportal.firefox.com/success.txt?ipv4,56,0,0
1734541141906,242,Moodle50/wr2-48,200,OK,Sample50 1-34,text,false,"The operation lasted too long: It took 242 milliseconds, but should not have lasted longer than 196 milliseconds.",231,477,1,2,http://o.pki.goog/wr2,242,0,84
1734541142149,122,Moodle50/canonical.html-49,200,OK,Sample50 1-34,text,true,,298,303,1,2,http://detectportal.firefox.com/canonical.html,122,0,63
1734541142272,56,Moodle50/success.txt-51,200,OK,Sample50 1-34,text,true,,216,320,1,2,http://detectportal.firefox.com/success.txt?ipv6,56,0,0
1734541142328,56,Moodle50/success.txt-50,200,OK,Sample50 1-34,text,true,,216,320,1,1,http://detectportal.firefox.com/success.txt?ipv4,56,0,0
1734541143900,253,Moodle50/wr2-48,200,OK,Sample50 1-35,text,false,"The operation lasted too long: It took 253 milliseconds, but should not have lasted longer than 196 milliseconds.",231,477,1,2,http://o.pki.goog/wr2,253,0,90
1734541144155,139,Moodle50/canonical.html-49,200,OK,Sample50 1-35,text,true,,298,303,1,2,http://detectportal.firefox.com/canonical.html,139,0,71
1734541144294,74,Moodle50/success.txt-51,200,OK,Sample50 1-35,text,true,,216,320,1,2,http://detectportal.firefox.com/success.txt?ipv6,74,0,0
1734541144368,64,Moodle50/success.txt-50,200,OK,Sample50 1-35,text,true,,216,320,1,1,http://detectportal.firefox.com/success.txt?ipv4,64,0,0
1734541145914,222,Moodle50/wr2-48,200,OK,Sample50 1-36,text,false,"The operation lasted too long: It took 222 milliseconds, but should not have lasted longer than 196 milliseconds.",231,477,1,2,http://o.pki.goog/wr2,222,0,82
1734541146136,119,Moodle50/canonical.html-49,200,OK,Sample50 1-36,text,true,,298,303,1,2,http://detectportal.firefox.com/canonical.html,119,0,58
1734541146255,57,Moodle50/success.txt-51,200,OK,Sample50 1-36,text,true,,216,320,1,2,http://detectportal.firefox.com/success.txt?ipv6,57,0,0
1734541146313,56,Moodle50/success.txt-50,200,OK,Sample50 1-36,text,true,,216,320,1,2,http://detectportal.firefox.com/success.txt?ipv4,56,0,0
1734541147912,229,Moodle50/wr2-48,200,OK,Sample50 1-37,text,false,"The operation lasted too long: It took 229 milliseconds, but should not have lasted longer than 196 milliseconds.",231,477,1,2,http://o.pki.goog/wr2,229,0,83
1734541148142,118,Moodle50/canonical.html-49,200,OK,Sample50 1-37,text,true,,298,303,1,2,http://detectportal.firefox.com/canonical.html,118,0,60
1734541148260,56,Moodle50/success.txt-51,200,OK,Sample50 1-37,text,true,,216,320,1,2,http://detectportal.firefox.com/success.txt?ipv6,56,0,0
1734541148317,55,Moodle50/success.txt-50,200,OK,Sample50 1-37,text,true,,216,320,1,1,http://detectportal.firefox.com/success.txt?ipv4,55,0,0
1734541149911,232,Moodle50/wr2-48,200,OK,Sample50 1-38,text,false,"The operation lasted too long: It took 232 milliseconds, but should not have lasted longer than 196 milliseconds.",231,477,1,2,http://o.pki.goog/wr2,232,0,83
1734541150144,110,Moodle50/canonical.html-49,200,OK,Sample50 1-38,text,true,,298,303,1,2,http://detectportal.firefox.com/canonical.html,110,0,56
1734541150254,54,Moodle50/success.txt-51,200,OK,Sample50 1-38,text,true,,216,320,1,2,http://detectportal.firefox.com/success.txt?ipv6,54,0,0
1734541150309,56,Moodle50/success.txt-50,200,OK,Sample50 1-38,text,true,,216,320,1,1,http://detectportal.firefox.com/success.txt?ipv4,56,0,0
1734541151900,225,Moodle50/wr2-48,200,OK,Sample50 1-39,text,false,"The operation lasted too long: It took 225 milliseconds, but should not have lasted longer than 196 milliseconds.",231,477,1,2,http://o.pki.goog/wr2,225,0,79
1734541152127,113,Moodle50/canonical.html-49,200,OK,Sample50 1-39,text,true,,298,303,1,2,http://detectportal.firefox.com/canonical.html,113,0,59
1734541152240,54,Moodle50/success.txt-51,200,OK,Sample50 1-39,text,true,,216,320,1,2,http://detectportal.firefox.com/success.txt?ipv6,54,0,0
1734541152295,56,Moodle50/success.txt-50,200,OK,Sample50 1-39,text,true,,216,320,1,1,http://detectportal.firefox.com/success.txt?ipv4,56,0,0
1734541153902,223,Moodle50/wr2-48,200,OK,Sample50 1-40,text,false,"The operation lasted too long: It took 223 milliseconds, but should not have lasted longer than 196 milliseconds.",231,477,1,2,http://o.pki.goog/wr2,223,0,80
1734541154126,121,Moodle50/canonical.html-49,200,OK,Sample50 1-40,text,true,,298,303,1,2,http://detectportal.firefox.com/canonical.html,121,0,60
1734541154247,58,Moodle50/success.txt-51,200,OK,Sample50 1-40,text,true,,216,320,1,2,http://detectportal.firefox.com/success.txt?ipv6,58,0,0
1734541154306,56,Moodle50/success.txt-50,200,OK,Sample50 1-40,text,true,,216,320,1,1,http://detectportal.firefox.com/success.txt?ipv4,56,0,0
1734541155901,232,Moodle50/wr2-48,200,OK,Sample50 1-41,text,false,"The operation lasted too long: It took 232 milliseconds, but should not have lasted longer than 196 milliseconds.",231,477,1,2,http://o.pki.goog/wr2,232,0,83
1734541156135,113,Moodle50/canonical.html-49,200,OK,Sample50 1-41,text,true,,298,303,1,2,http://detectportal.firefox.com/canonical.html,113,0,56
1734541156249,60,Moodle50/success.txt-51,200,OK,Sample50 1-41,text,true,,216,320,1,2,http://detectportal.firefox.com/success.txt?ipv6,60,0,0
1734541156309,53,Moodle50/success.txt-50,200,OK,Sample50 1-41,text,true,,216,320,1,1,http://detectportal.firefox.com/success.txt?ipv4,53,0,0
1734541157900,223,Moodle50/wr2-48,200,OK,Sample50 1-42,text,false,"The operation lasted too long: It took 223 milliseconds, but should not have lasted longer than 196 milliseconds.",231,477,1,2,http://o.pki.goog/wr2,223,0,81
1734541158124,121,Moodle50/canonical.html-49,200,OK,Sample50 1-42,text,true,,298,303,1,2,http://detectportal.firefox.com/canonical.html,121,0,56
1734541158245,58,Moodle50/success.txt-51,200,OK,Sample50 1-42,text,true,,216,320,1,2,http://detectportal.firefox.com/success.txt?ipv6,58,0,0
1734541158303,56,Moodle50/success.txt-50,200,OK,Sample50 1-42,text,true,,216,320,1,2,http://detectportal.firefox.com/success.txt?ipv4,56,0,0
1734541159901,318,Moodle50/wr2-48,200,OK,Sample50 1-43,text,false,"The operation lasted too long: It took 318 milliseconds, but should not have lasted longer than 196 milliseconds.",231,477,1,2,http://o.pki.goog/wr2,318,0,94
1734541160220,119,Moodle50/canonical.html-49,200,OK,Sample50 1-43,text,true,,298,303,1,2,http://detectportal.firefox.com/canonical.html,119,0,58
1734541160339,64,Moodle50/success.txt-51,200,OK,Sample50 1-43,text,true,,216,320,1,1,http://detectportal.firefox.com/success.txt?ipv6,64,0,0
1734541160403,60,Moodle50/success.txt-50,200,OK,Sample50 1-43,text,true,,216,320,1,1,http://detectportal.firefox.com/success.txt?ipv4,60,0,0
1734541161912,240,Moodle50/wr2-48,200,OK,Sample50 1-44,text,false,"The operation lasted too long: It took 240 milliseconds, but should not have lasted longer than 196 milliseconds.",231,477,1,2,http://o.pki.goog/wr2,240,0,80
1734541162153,113,Moodle50/canonical.html-49,200,OK,Sample50 1-44,text,true,,298,303,1,2,http://detectportal.firefox.com/canonical.html,113,0,57
1734541162266,56,Moodle50/success.txt-51,200,OK,Sample50 1-44,text,true,,216,320,1,2,http://detectportal.firefox.com/success.txt?ipv6,56,0,0
1734541162322,57,Moodle50/success.txt-50,200,OK,Sample50 1-44,text,true,,216,320,1,1,http://detectportal.firefox.com/success.txt?ipv4,57,0,0
1734541163914,233,Moodle50/wr2-48,200,OK,Sample50 1-45,text,false,"The operation lasted too long: It took 233 milliseconds, but should not have lasted longer than 196 milliseconds.",231,477,1,2,http://o.pki.goog/wr2,233,0,83
1734541164147,121,Moodle50/canonical.html-49,200,OK,Sample50 1-45,text,true,,298,303,1,2,http://detectportal.firefox.com/canonical.html,121,0,62
1734541164269,61,Moodle50/success.txt-51,200,OK,Sample50 1-45,text,true,,216,320,1,2,http://detectportal.firefox.com/success.txt?ipv6,61,0,0
1734541164330,68,Moodle50/success.txt-50,200,OK,Sample50 1-45,text,true,,216,320,1,1,http://detectportal.firefox.com/success.txt?ipv4,68,0,0
1734541165910,230,Moodle50/wr2-48,200,OK,Sample50 1-46,text,false,"The operation lasted too long: It took 230 milliseconds, but should not have lasted longer than 196 milliseconds.",231,477,1,2,http://o.pki.goog/wr2,230,0,84
1734541166140,113,Moodle50/canonical.html-49,200,OK,Sample50 1-46,text,true,,298,303,1,2,http://detectportal.firefox.com/canonical.html,113,0,57
1734541166253,59,Moodle50/success.txt-51,200,OK,Sample50 1-46,text,true,,216,320,1,2,http://detectportal.firefox.com/success.txt?ipv6,59,0,0
1734541166312,58,Moodle50/success.txt-50,200,OK,Sample50 1-46,text,true,,216,320,1,1,http://detectportal.firefox.com/success.txt?ipv4,58,0,0
1734541167908,239,Moodle50/wr2-48,200,OK,Sample50 1-47,text,false,"The operation lasted too long: It took 239 milliseconds, but should not have lasted longer than 196 milliseconds.",231,477,1,2,http://o.pki.goog/wr2,239,0,82
1734541168148,111,Moodle50/canonical.html-49,200,OK,Sample50 1-47,text,true,,298,303,1,2,http://detectportal.firefox.com/canonical.html,111,0,54
1734541168260,59,Moodle50/success.txt-51,200,OK,Sample50 1-47,text,true,,216,320,1,2,http://detectportal.firefox.com/success.txt?ipv6,59,0,0
1734541168319,56,Moodle50/success.txt-50,200,OK,Sample50 1-47,text,true,,216,320,1,1,http://detectportal.firefox.com/success.txt?ipv4,56,0,0
1734541169911,232,Moodle50/wr2-48,200,OK,Sample50 1-48,text,false,"The operation lasted too long: It took 232 milliseconds, but should not have lasted longer than 196 milliseconds.",231,477,1,2,http://o.pki.goog/wr2,232,0,85
1734541170145,159,Moodle50/canonical.html-49,200,OK,Sample50 1-48,text,true,,298,303,1,2,http://detectportal.firefox.com/canonical.html,159,0,103
1734541170304,56,Moodle50/success.txt-51,200,OK,Sample50 1-48,text,true,,216,320,1,1,http://detectportal.firefox.com/success.txt?ipv6,56,0,0
1734541170361,56,Moodle50/success.txt-50,200,OK,Sample50 1-48,text,true,,216,320,1,1,http://detectportal.firefox.com/success.txt?ipv4,56,0,0
1734541171904,215,Moodle50/wr2-48,200,OK,Sample50 1-49,text,false,"The operation lasted too long: It took 215 milliseconds, but should not have lasted longer than 196 milliseconds.",231,477,1,2,http://o.pki.goog/wr2,215,0,78
1734541172120,113,Moodle50/canonical.html-49,200,OK,Sample50 1-49,text,true,,298,303,1,2,http://detectportal.firefox.com/canonical.html,113,0,57
1734541172233,58,Moodle50/success.txt-51,200,OK,Sample50 1-49,text,true,,216,320,1,2,http://detectportal.firefox.com/success.txt?ipv6,58,0,0
1734541172292,55,Moodle50/success.txt-50,200,OK,Sample50 1-49,text,true,,216,320,1,2,http://detectportal.firefox.com/success.txt?ipv4,55,0,0
1734541173911,232,Moodle50/wr2-48,200,OK,Sample50 1-50,text,false,"The operation lasted too long: It took 232 milliseconds, but should not have lasted longer than 196 milliseconds.",231,477,1,2,http://o.pki.goog/wr2,232,0,82
1734541174145,114,Moodle50/canonical.html-49,200,OK,Sample50 1-50,text,true,,298,303,1,2,http://detectportal.firefox.com/canonical.html,114,0,56
1734541174259,59,Moodle50/success.txt-51,200,OK,Sample50 1-50,text,true,,216,320,1,2,http://detectportal.firefox.com/success.txt?ipv6,59,0,0
1734541174318,57,Moodle50/success.txt-50,200,OK,Sample50 1-50,text,true,,216,320,1,1,http://detectportal.firefox.com/success.txt?ipv4,57,0,0
