timeStamp,elapsed,label,responseCode,responseMessage,threadName,dataType,success,failureMessage,bytes,sentBytes,grpThreads,allThreads,URL,Latency,IdleTime,Connect
1734541075917,149,Moodle/moodle/-123,200,OK,Sample100 2-1,text,true,,12080,474,1,2,https://cse.buet.ac.bd/moodle/,148,0,21
1734541076929,151,Moodle/moodle/-123,200,OK,Sample100 2-2,text,true,,12084,474,1,1,https://cse.buet.ac.bd/moodle/,151,0,22
1734541077917,160,Moodle/moodle/-123,200,OK,Sample100 2-3,text,true,,12080,474,1,2,https://cse.buet.ac.bd/moodle/,159,0,19
1734541078917,245,Moodle/moodle/-123,200,OK,Sample100 2-4,text,true,,12082,474,1,1,https://cse.buet.ac.bd/moodle/,244,0,20
1734541079918,154,Moodle/moodle/-123,200,OK,Sample100 2-5,text,true,,12082,474,1,2,https://cse.buet.ac.bd/moodle/,154,0,20
1734541080918,277,Moodle/moodle/-123,200,OK,Sample100 2-6,text,true,,12079,474,1,1,https://cse.buet.ac.bd/moodle/,277,0,21
1734541081917,181,Moodle/moodle/-123,200,OK,Sample100 2-7,text,true,,12083,474,1,2,https://cse.buet.ac.bd/moodle/,180,0,28
1734541082916,454,Moodle/moodle/-123,200,OK,Sample100 2-8,text,false,"The operation lasted too long: It took 454 milliseconds, but should not have lasted longer than 330 milliseconds.",12077,474,1,1,https://cse.buet.ac.bd/moodle/,454,0,19
1734541083917,1149,Moodle/moodle/-123,200,OK,Sample100 2-9,text,false,"The operation lasted too long: It took 1,149 milliseconds, but should not have lasted longer than 330 milliseconds.",12079,474,2,2,https://cse.buet.ac.bd/moodle/,1149,0,1018
1734541084917,160,Moodle/moodle/-123,200,OK,Sample100 2-10,text,true,,12080,474,2,2,https://cse.buet.ac.bd/moodle/,159,0,18
1734541085918,138,Moodle/moodle/-123,200,OK,Sample100 2-11,text,true,,12080,474,1,2,https://cse.buet.ac.bd/moodle/,137,0,15
1734541086918,258,Moodle/moodle/-123,200,OK,Sample100 2-12,text,true,,12080,474,1,1,https://cse.buet.ac.bd/moodle/,257,0,15
1734541087925,151,Moodle/moodle/-123,200,OK,Sample100 2-13,text,true,,12079,474,1,2,https://cse.buet.ac.bd/moodle/,148,0,19
1734541088920,264,Moodle/moodle/-123,200,OK,Sample100 2-14,text,true,,12084,474,1,1,https://cse.buet.ac.bd/moodle/,264,0,31
1734541089916,139,Moodle/moodle/-123,200,OK,Sample100 2-15,text,true,,12079,474,1,2,https://cse.buet.ac.bd/moodle/,139,0,14
1734541090917,267,Moodle/moodle/-123,200,OK,Sample100 2-16,text,true,,12080,474,1,1,https://cse.buet.ac.bd/moodle/,267,0,16
1734541091918,221,Moodle/moodle/-123,200,OK,Sample100 2-17,text,true,,12079,474,1,2,https://cse.buet.ac.bd/moodle/,219,0,99
1734541092918,140,Moodle/moodle/-123,200,OK,Sample100 2-18,text,true,,12081,474,1,1,https://cse.buet.ac.bd/moodle/,140,0,13
1734541093918,143,Moodle/moodle/-123,200,OK,Sample100 2-19,text,true,,12081,474,1,2,https://cse.buet.ac.bd/moodle/,143,0,16
1734541094917,154,Moodle/moodle/-123,200,OK,Sample100 2-20,text,true,,12080,474,1,1,https://cse.buet.ac.bd/moodle/,153,0,18
1734541095919,161,Moodle/moodle/-123,200,OK,Sample100 2-21,text,true,,12078,474,1,2,https://cse.buet.ac.bd/moodle/,155,0,19
1734541096918,336,Moodle/moodle/-123,200,OK,Sample100 2-22,text,false,"The operation lasted too long: It took 336 milliseconds, but should not have lasted longer than 330 milliseconds.",12080,474,1,1,https://cse.buet.ac.bd/moodle/,335,0,18
1734541097917,190,Moodle/moodle/-123,200,OK,Sample100 2-23,text,true,,12081,474,1,2,https://cse.buet.ac.bd/moodle/,189,0,61
1734541098918,160,Moodle/moodle/-123,200,OK,Sample100 2-24,text,true,,12079,474,1,1,https://cse.buet.ac.bd/moodle/,159,0,20
1734541099919,148,Moodle/moodle/-123,200,OK,Sample100 2-25,text,true,,12079,474,1,2,https://cse.buet.ac.bd/moodle/,148,0,16
1734541100916,189,Moodle/moodle/-123,200,OK,Sample100 2-26,text,true,,12080,474,1,2,https://cse.buet.ac.bd/moodle/,189,0,52
1734541101918,152,Moodle/moodle/-123,200,OK,Sample100 2-27,text,true,,12078,474,1,2,https://cse.buet.ac.bd/moodle/,151,0,17
1734541102918,151,Moodle/moodle/-123,200,OK,Sample100 2-28,text,true,,12076,474,1,1,https://cse.buet.ac.bd/moodle/,150,0,12
1734541103917,151,Moodle/moodle/-123,200,OK,Sample100 2-29,text,true,,12077,474,1,2,https://cse.buet.ac.bd/moodle/,150,0,24
1734541104917,209,Moodle/moodle/-123,200,OK,Sample100 2-30,text,true,,12080,474,1,2,https://cse.buet.ac.bd/moodle/,208,0,62
1734541105917,218,Moodle/moodle/-123,200,OK,Sample100 2-31,text,true,,12080,474,1,2,https://cse.buet.ac.bd/moodle/,217,0,81
1734541106917,162,Moodle/moodle/-123,200,OK,Sample100 2-32,text,true,,12080,474,1,2,https://cse.buet.ac.bd/moodle/,161,0,15
1734541107918,161,Moodle/moodle/-123,200,OK,Sample100 2-33,text,true,,12082,474,1,2,https://cse.buet.ac.bd/moodle/,160,0,38
1734541108921,147,Moodle/moodle/-123,200,OK,Sample100 2-34,text,true,,12079,474,1,1,https://cse.buet.ac.bd/moodle/,146,0,18
1734541109918,150,Moodle/moodle/-123,200,OK,Sample100 2-35,text,true,,12079,474,1,2,https://cse.buet.ac.bd/moodle/,149,0,22
1734541110929,305,Moodle/moodle/-123,200,OK,Sample100 2-36,text,true,,12083,474,1,1,https://cse.buet.ac.bd/moodle/,304,0,16
1734541111917,146,Moodle/moodle/-123,200,OK,Sample100 2-37,text,true,,12082,474,1,2,https://cse.buet.ac.bd/moodle/,145,0,15
1734541112918,150,Moodle/moodle/-123,200,OK,Sample100 2-38,text,true,,12081,474,1,1,https://cse.buet.ac.bd/moodle/,149,0,16
1734541113918,151,Moodle/moodle/-123,200,OK,Sample100 2-39,text,true,,12080,474,1,2,https://cse.buet.ac.bd/moodle/,150,0,15
1734541114917,236,Moodle/moodle/-123,200,OK,Sample100 2-40,text,true,,12081,474,1,1,https://cse.buet.ac.bd/moodle/,236,0,26
1734541115917,185,Moodle/moodle/-123,200,OK,Sample100 2-41,text,true,,12082,474,1,2,https://cse.buet.ac.bd/moodle/,184,0,53
1734541116923,153,Moodle/moodle/-123,200,OK,Sample100 2-42,text,true,,12082,474,1,1,https://cse.buet.ac.bd/moodle/,153,0,17
1734541117917,144,Moodle/moodle/-123,200,OK,Sample100 2-43,text,true,,12078,474,1,2,https://cse.buet.ac.bd/moodle/,144,0,17
1734541118918,436,Moodle/moodle/-123,200,OK,Sample100 2-44,text,false,"The operation lasted too long: It took 436 milliseconds, but should not have lasted longer than 330 milliseconds.",12081,474,1,1,https://cse.buet.ac.bd/moodle/,435,0,286
1734541119918,366,Moodle/moodle/-123,200,OK,Sample100 2-45,text,false,"The operation lasted too long: It took 366 milliseconds, but should not have lasted longer than 330 milliseconds.",12081,474,1,2,https://cse.buet.ac.bd/moodle/,365,0,234
1734541120918,157,Moodle/moodle/-123,200,OK,Sample100 2-46,text,true,,12080,474,1,1,https://cse.buet.ac.bd/moodle/,156,0,31
1734541121919,146,Moodle/moodle/-123,200,OK,Sample100 2-47,text,true,,12081,474,1,2,https://cse.buet.ac.bd/moodle/,145,0,19
1734541122917,243,Moodle/moodle/-123,200,OK,Sample100 2-48,text,true,,12080,474,1,1,https://cse.buet.ac.bd/moodle/,242,0,21
1734541123918,166,Moodle/moodle/-123,200,OK,Sample100 2-49,text,true,,12081,474,1,2,https://cse.buet.ac.bd/moodle/,166,0,16
1734541124918,298,Moodle/moodle/-123,200,OK,Sample100 2-50,text,true,,12082,474,1,1,https://cse.buet.ac.bd/moodle/,298,0,17
1734541125916,160,Moodle/moodle/-123,200,OK,Sample100 2-51,text,true,,12082,474,1,2,https://cse.buet.ac.bd/moodle/,159,0,24
1734541126918,149,Moodle/moodle/-123,200,OK,Sample100 2-52,text,true,,12081,474,1,1,https://cse.buet.ac.bd/moodle/,149,0,18
1734541127917,138,Moodle/moodle/-123,200,OK,Sample100 2-53,text,true,,12081,474,1,2,https://cse.buet.ac.bd/moodle/,138,0,19
1734541128918,201,Moodle/moodle/-123,200,OK,Sample100 2-54,text,true,,12083,474,1,1,https://cse.buet.ac.bd/moodle/,201,0,20
1734541129922,145,Moodle/moodle/-123,200,OK,Sample100 2-55,text,true,,12081,474,1,2,https://cse.buet.ac.bd/moodle/,144,0,13
1734541130931,245,Moodle/moodle/-123,200,OK,Sample100 2-56,text,true,,12081,474,1,1,https://cse.buet.ac.bd/moodle/,245,0,49
1734541131924,416,Moodle/moodle/-123,200,OK,Sample100 2-57,text,false,"The operation lasted too long: It took 416 milliseconds, but should not have lasted longer than 330 milliseconds.",12081,474,1,2,https://cse.buet.ac.bd/moodle/,415,0,272
1734541132930,434,Moodle/moodle/-123,200,OK,Sample100 2-58,text,false,"The operation lasted too long: It took 434 milliseconds, but should not have lasted longer than 330 milliseconds.",12082,474,1,1,https://cse.buet.ac.bd/moodle/,433,0,279
1734541133921,147,Moodle/moodle/-123,200,OK,Sample100 2-59,text,true,,12079,474,1,2,https://cse.buet.ac.bd/moodle/,147,0,15
1734541134930,145,Moodle/moodle/-123,200,OK,Sample100 2-60,text,true,,12080,474,1,2,https://cse.buet.ac.bd/moodle/,144,0,17
1734541135921,161,Moodle/moodle/-123,200,OK,Sample100 2-61,text,true,,12082,474,1,2,https://cse.buet.ac.bd/moodle/,160,0,29
1734541136928,144,Moodle/moodle/-123,200,OK,Sample100 2-62,text,true,,12082,474,1,1,https://cse.buet.ac.bd/moodle/,143,0,18
1734541137920,148,Moodle/moodle/-123,200,OK,Sample100 2-63,text,true,,12080,474,1,2,https://cse.buet.ac.bd/moodle/,147,0,18
1734541138928,144,Moodle/moodle/-123,200,OK,Sample100 2-64,text,true,,12083,474,1,1,https://cse.buet.ac.bd/moodle/,143,0,16
1734541139918,182,Moodle/moodle/-123,200,OK,Sample100 2-65,text,true,,12083,474,1,2,https://cse.buet.ac.bd/moodle/,182,0,38
1734541140924,155,Moodle/moodle/-123,200,OK,Sample100 2-66,text,true,,12080,474,1,1,https://cse.buet.ac.bd/moodle/,154,0,20
1734541141921,157,Moodle/moodle/-123,200,OK,Sample100 2-67,text,true,,12080,474,1,2,https://cse.buet.ac.bd/moodle/,157,0,20
1734541142928,156,Moodle/moodle/-123,200,OK,Sample100 2-68,text,true,,12084,474,1,1,https://cse.buet.ac.bd/moodle/,156,0,23
1734541143932,142,Moodle/moodle/-123,200,OK,Sample100 2-69,text,true,,12079,474,1,2,https://cse.buet.ac.bd/moodle/,141,0,16
1734541144921,141,Moodle/moodle/-123,200,OK,Sample100 2-70,text,true,,12080,474,1,1,https://cse.buet.ac.bd/moodle/,140,0,12
1734541145928,158,Moodle/moodle/-123,200,OK,Sample100 2-71,text,true,,12084,474,1,2,https://cse.buet.ac.bd/moodle/,158,0,20
1734541146920,151,Moodle/moodle/-123,200,OK,Sample100 2-72,text,true,,12082,474,1,1,https://cse.buet.ac.bd/moodle/,150,0,21
1734541147927,142,Moodle/moodle/-123,200,OK,Sample100 2-73,text,true,,12082,474,1,2,https://cse.buet.ac.bd/moodle/,141,0,13
1734541148919,149,Moodle/moodle/-123,200,OK,Sample100 2-74,text,true,,12081,474,1,1,https://cse.buet.ac.bd/moodle/,146,0,15
1734541149918,140,Moodle/moodle/-123,200,OK,Sample100 2-75,text,true,,12081,474,1,2,https://cse.buet.ac.bd/moodle/,139,0,12
1734541150919,156,Moodle/moodle/-123,200,OK,Sample100 2-76,text,true,,12081,474,1,1,https://cse.buet.ac.bd/moodle/,155,0,17
1734541151917,152,Moodle/moodle/-123,200,OK,Sample100 2-77,text,true,,12083,474,1,2,https://cse.buet.ac.bd/moodle/,152,0,17
1734541152918,142,Moodle/moodle/-123,200,OK,Sample100 2-78,text,true,,12082,474,1,1,https://cse.buet.ac.bd/moodle/,142,0,13
1734541153917,145,Moodle/moodle/-123,200,OK,Sample100 2-79,text,true,,12081,474,1,2,https://cse.buet.ac.bd/moodle/,145,0,17
1734541154918,159,Moodle/moodle/-123,200,OK,Sample100 2-80,text,true,,12082,474,1,1,https://cse.buet.ac.bd/moodle/,158,0,29
1734541155918,153,Moodle/moodle/-123,200,OK,Sample100 2-81,text,true,,12083,474,1,2,https://cse.buet.ac.bd/moodle/,152,0,28
1734541156916,153,Moodle/moodle/-123,200,OK,Sample100 2-82,text,true,,12078,474,1,1,https://cse.buet.ac.bd/moodle/,152,0,22
1734541157916,145,Moodle/moodle/-123,200,OK,Sample100 2-83,text,true,,12081,474,1,2,https://cse.buet.ac.bd/moodle/,144,0,17
1734541158917,148,Moodle/moodle/-123,200,OK,Sample100 2-84,text,true,,12081,474,1,1,https://cse.buet.ac.bd/moodle/,147,0,17
1734541159918,148,Moodle/moodle/-123,200,OK,Sample100 2-85,text,true,,12081,474,1,2,https://cse.buet.ac.bd/moodle/,148,0,21
1734541160926,155,Moodle/moodle/-123,200,OK,Sample100 2-86,text,true,,12080,474,1,1,https://cse.buet.ac.bd/moodle/,155,0,15
1734541161927,145,Moodle/moodle/-123,200,OK,Sample100 2-87,text,true,,12083,474,1,2,https://cse.buet.ac.bd/moodle/,144,0,13
1734541162924,148,Moodle/moodle/-123,200,OK,Sample100 2-88,text,true,,12079,474,1,1,https://cse.buet.ac.bd/moodle/,147,0,21
1734541163930,143,Moodle/moodle/-123,200,OK,Sample100 2-89,text,true,,12082,474,1,2,https://cse.buet.ac.bd/moodle/,143,0,17
1734541164921,152,Moodle/moodle/-123,200,OK,Sample100 2-90,text,true,,12081,474,1,2,https://cse.buet.ac.bd/moodle/,151,0,15
1734541165926,152,Moodle/moodle/-123,200,OK,Sample100 2-91,text,true,,12080,474,1,2,https://cse.buet.ac.bd/moodle/,151,0,23
1734541166932,194,Moodle/moodle/-123,200,OK,Sample100 2-92,text,true,,12080,474,1,1,https://cse.buet.ac.bd/moodle/,193,0,69
1734541167924,176,Moodle/moodle/-123,200,OK,Sample100 2-93,text,true,,12080,474,1,2,https://cse.buet.ac.bd/moodle/,175,0,47
1734541168928,225,Moodle/moodle/-123,200,OK,Sample100 2-94,text,true,,12085,474,1,1,https://cse.buet.ac.bd/moodle/,224,0,18
1734541169926,142,Moodle/moodle/-123,200,OK,Sample100 2-95,text,true,,12083,474,1,2,https://cse.buet.ac.bd/moodle/,141,0,13
1734541170931,147,Moodle/moodle/-123,200,OK,Sample100 2-96,text,true,,12081,474,1,1,https://cse.buet.ac.bd/moodle/,146,0,16
1734541171920,149,Moodle/moodle/-123,200,OK,Sample100 2-97,text,true,,12081,474,1,2,https://cse.buet.ac.bd/moodle/,147,0,19
1734541172917,196,Moodle/moodle/-123,200,OK,Sample100 2-98,text,true,,12083,474,1,1,https://cse.buet.ac.bd/moodle/,195,0,66
1734541173926,137,Moodle/moodle/-123,200,OK,Sample100 2-99,text,true,,12083,474,1,2,https://cse.buet.ac.bd/moodle/,136,0,13
1734541174920,152,Moodle/moodle/-123,200,OK,Sample100 2-100,text,true,,12082,474,1,1,https://cse.buet.ac.bd/moodle/,151,0,15
