timeStamp,elapsed,label,responseCode,responseMessage,threadName,dataType,success,failureMessage,bytes,sentBytes,grpThreads,allThreads,URL,Latency,IdleTime,Connect
1734541076660,31,Home/home/notice-137,200,OK,Sample50 1-1,text,true,,3583,478,1,1,https://cse.buet.ac.bd/home/notice,31,0,0
1734541076692,60,Notice50/canonical.html-53,200,OK,Sample50 1-1,text,true,,298,303,1,1,http://detectportal.firefox.com/canonical.html,60,0,0
1734541076752,58,Notice50/success.txt-54,200,OK,Sample50 1-1,text,true,,216,320,1,1,http://detectportal.firefox.com/success.txt?ipv4,58,0,0
1734541076810,57,Notice50/success.txt-55,200,OK,Sample50 1-1,text,true,,216,320,1,1,http://detectportal.firefox.com/success.txt?ipv6,57,0,0
1734541078599,25,Home/home/notice-137,200,OK,Sample50 1-2,text,true,,3583,478,1,1,https://cse.buet.ac.bd/home/notice,25,0,0
1734541078624,76,Notice50/canonical.html-53,200,OK,Sample50 1-2,text,true,,298,303,1,1,http://detectportal.firefox.com/canonical.html,76,0,0
1734541078700,71,Notice50/success.txt-54,200,OK,Sample50 1-2,text,true,,216,320,1,1,http://detectportal.firefox.com/success.txt?ipv4,71,0,0
1734541078772,63,Notice50/success.txt-55,200,OK,Sample50 1-2,text,true,,216,320,1,1,http://detectportal.firefox.com/success.txt?ipv6,63,0,0
1734541080545,30,Home/home/notice-137,200,OK,Sample50 1-3,text,true,,3583,478,1,1,https://cse.buet.ac.bd/home/notice,30,0,0
1734541080576,55,Notice50/canonical.html-53,200,OK,Sample50 1-3,text,true,,298,303,1,1,http://detectportal.firefox.com/canonical.html,55,0,0
1734541080632,56,Notice50/success.txt-54,200,OK,Sample50 1-3,text,true,,216,320,1,1,http://detectportal.firefox.com/success.txt?ipv4,56,0,0
1734541080689,57,Notice50/success.txt-55,200,OK,Sample50 1-3,text,true,,216,320,1,1,http://detectportal.firefox.com/success.txt?ipv6,57,0,0
1734541082563,27,Home/home/notice-137,200,OK,Sample50 1-4,text,true,,3583,478,1,2,https://cse.buet.ac.bd/home/notice,27,0,0
1734541082590,58,Notice50/canonical.html-53,200,OK,Sample50 1-4,text,true,,298,303,1,2,http://detectportal.firefox.com/canonical.html,58,0,0
1734541082648,70,Notice50/success.txt-54,200,OK,Sample50 1-4,text,true,,216,320,1,2,http://detectportal.firefox.com/success.txt?ipv4,70,0,0
1734541082718,68,Notice50/success.txt-55,200,OK,Sample50 1-4,text,true,,216,320,1,1,http://detectportal.firefox.com/success.txt?ipv6,68,0,0
1734541084580,22,Home/home/notice-137,200,OK,Sample50 1-5,text,true,,3583,478,1,2,https://cse.buet.ac.bd/home/notice,22,0,0
1734541084602,62,Notice50/canonical.html-53,200,OK,Sample50 1-5,text,true,,298,303,1,2,http://detectportal.firefox.com/canonical.html,62,0,0
1734541084664,63,Notice50/success.txt-54,200,OK,Sample50 1-5,text,true,,216,320,1,2,http://detectportal.firefox.com/success.txt?ipv4,63,0,0
1734541084727,57,Notice50/success.txt-55,200,OK,Sample50 1-5,text,true,,216,320,1,2,http://detectportal.firefox.com/success.txt?ipv6,57,0,0
1734541086557,24,Home/home/notice-137,200,OK,Sample50 1-6,text,true,,3583,478,1,1,https://cse.buet.ac.bd/home/notice,24,0,0
1734541086582,55,Notice50/canonical.html-53,200,OK,Sample50 1-6,text,true,,298,303,1,1,http://detectportal.firefox.com/canonical.html,55,0,0
1734541086637,55,Notice50/success.txt-54,200,OK,Sample50 1-6,text,true,,216,320,1,1,http://detectportal.firefox.com/success.txt?ipv4,55,0,0
1734541086692,58,Notice50/success.txt-55,200,OK,Sample50 1-6,text,true,,216,320,1,1,http://detectportal.firefox.com/success.txt?ipv6,58,0,0
1734541088575,28,Home/home/notice-137,200,OK,Sample50 1-7,text,true,,3583,478,1,1,https://cse.buet.ac.bd/home/notice,28,0,0
1734541088603,60,Notice50/canonical.html-53,200,OK,Sample50 1-7,text,true,,298,303,1,1,http://detectportal.firefox.com/canonical.html,60,0,0
1734541088663,67,Notice50/success.txt-54,200,OK,Sample50 1-7,text,true,,216,320,1,1,http://detectportal.firefox.com/success.txt?ipv4,67,0,0
1734541088730,65,Notice50/success.txt-55,200,OK,Sample50 1-7,text,true,,216,320,1,1,http://detectportal.firefox.com/success.txt?ipv6,65,0,0
1734541090548,25,Home/home/notice-137,200,OK,Sample50 1-8,text,true,,3583,478,1,1,https://cse.buet.ac.bd/home/notice,25,0,0
1734541090573,57,Notice50/canonical.html-53,200,OK,Sample50 1-8,text,true,,298,303,1,1,http://detectportal.firefox.com/canonical.html,57,0,0
1734541090630,61,Notice50/success.txt-54,200,OK,Sample50 1-8,text,true,,216,320,1,1,http://detectportal.firefox.com/success.txt?ipv4,61,0,0
1734541090692,54,Notice50/success.txt-55,200,OK,Sample50 1-8,text,true,,216,320,1,1,http://detectportal.firefox.com/success.txt?ipv6,54,0,0
1734541092684,33,Home/home/notice-137,200,OK,Sample50 1-9,text,true,,3583,478,1,1,https://cse.buet.ac.bd/home/notice,32,0,0
1734541092717,55,Notice50/canonical.html-53,200,OK,Sample50 1-9,text,true,,298,303,1,1,http://detectportal.firefox.com/canonical.html,55,0,0
1734541092772,53,Notice50/success.txt-54,200,OK,Sample50 1-9,text,true,,216,320,1,1,http://detectportal.firefox.com/success.txt?ipv4,53,0,0
1734541092826,57,Notice50/success.txt-55,200,OK,Sample50 1-9,text,true,,216,320,1,1,http://detectportal.firefox.com/success.txt?ipv6,57,0,0
1734541094574,23,Home/home/notice-137,200,OK,Sample50 1-10,text,true,,3583,478,1,1,https://cse.buet.ac.bd/home/notice,23,0,0
1734541094598,56,Notice50/canonical.html-53,200,OK,Sample50 1-10,text,true,,298,303,1,1,http://detectportal.firefox.com/canonical.html,56,0,0
1734541094654,57,Notice50/success.txt-54,200,OK,Sample50 1-10,text,true,,216,320,1,1,http://detectportal.firefox.com/success.txt?ipv4,57,0,0
1734541094712,56,Notice50/success.txt-55,200,OK,Sample50 1-10,text,true,,216,320,1,1,http://detectportal.firefox.com/success.txt?ipv6,56,0,0
1734541096621,26,Home/home/notice-137,200,OK,Sample50 1-11,text,true,,3583,478,1,2,https://cse.buet.ac.bd/home/notice,26,0,0
1734541096647,63,Notice50/canonical.html-53,200,OK,Sample50 1-11,text,true,,298,303,1,1,http://detectportal.firefox.com/canonical.html,63,0,0
1734541096711,61,Notice50/success.txt-54,200,OK,Sample50 1-11,text,true,,216,320,1,1,http://detectportal.firefox.com/success.txt?ipv4,61,0,0
1734541096772,63,Notice50/success.txt-55,200,OK,Sample50 1-11,text,true,,216,320,1,1,http://detectportal.firefox.com/success.txt?ipv6,63,0,0
1734541098685,28,Home/home/notice-137,200,OK,Sample50 1-12,text,true,,3583,478,1,1,https://cse.buet.ac.bd/home/notice,27,0,0
1734541098713,85,Notice50/canonical.html-53,200,OK,Sample50 1-12,text,true,,298,303,1,1,http://detectportal.firefox.com/canonical.html,85,0,0
1734541098798,81,Notice50/success.txt-54,200,OK,Sample50 1-12,text,true,,216,320,1,1,http://detectportal.firefox.com/success.txt?ipv4,81,0,0
1734541098879,82,Notice50/success.txt-55,200,OK,Sample50 1-12,text,true,,216,320,1,2,http://detectportal.firefox.com/success.txt?ipv6,82,0,0
1734541100952,27,Home/home/notice-137,200,OK,Sample50 1-13,text,true,,3583,478,1,2,https://cse.buet.ac.bd/home/notice,27,0,0
1734541100980,75,Notice50/canonical.html-53,200,OK,Sample50 1-13,text,true,,298,303,1,2,http://detectportal.firefox.com/canonical.html,75,0,0
1734541101056,73,Notice50/success.txt-54,200,OK,Sample50 1-13,text,true,,216,320,1,2,http://detectportal.firefox.com/success.txt?ipv4,73,0,0
1734541101129,79,Notice50/success.txt-55,200,OK,Sample50 1-13,text,true,,216,320,1,2,http://detectportal.firefox.com/success.txt?ipv6,79,0,0
1734541102683,32,Home/home/notice-137,200,OK,Sample50 1-14,text,true,,3583,478,1,1,https://cse.buet.ac.bd/home/notice,32,0,0
1734541102716,76,Notice50/canonical.html-53,200,OK,Sample50 1-14,text,true,,298,303,1,1,http://detectportal.firefox.com/canonical.html,76,0,0
1734541102793,74,Notice50/success.txt-54,200,OK,Sample50 1-14,text,true,,216,320,1,1,http://detectportal.firefox.com/success.txt?ipv4,74,0,0
1734541102867,81,Notice50/success.txt-55,200,OK,Sample50 1-14,text,true,,216,320,1,2,http://detectportal.firefox.com/success.txt?ipv6,81,0,0
1734541104923,43,Home/home/notice-137,200,OK,Sample50 1-15,text,true,,3583,478,1,2,https://cse.buet.ac.bd/home/notice,43,0,0
1734541104966,56,Notice50/canonical.html-53,200,OK,Sample50 1-15,text,true,,298,303,1,2,http://detectportal.firefox.com/canonical.html,56,0,0
1734541105022,64,Notice50/success.txt-54,200,OK,Sample50 1-15,text,true,,216,320,1,2,http://detectportal.firefox.com/success.txt?ipv4,64,0,0
1734541105086,58,Notice50/success.txt-55,200,OK,Sample50 1-15,text,true,,216,320,1,2,http://detectportal.firefox.com/success.txt?ipv6,58,0,0
1734541106944,23,Home/home/notice-137,200,OK,Sample50 1-16,text,true,,3583,478,1,2,https://cse.buet.ac.bd/home/notice,23,0,0
1734541106967,56,Notice50/canonical.html-53,200,OK,Sample50 1-16,text,true,,298,303,1,2,http://detectportal.firefox.com/canonical.html,56,0,0
1734541107023,62,Notice50/success.txt-54,200,OK,Sample50 1-16,text,true,,216,320,1,2,http://detectportal.firefox.com/success.txt?ipv4,62,0,0
1734541107085,57,Notice50/success.txt-55,200,OK,Sample50 1-16,text,true,,216,320,1,2,http://detectportal.firefox.com/success.txt?ipv6,57,0,0
1734541108547,25,Home/home/notice-137,200,OK,Sample50 1-17,text,true,,3583,478,1,1,https://cse.buet.ac.bd/home/notice,25,0,0
1734541108572,57,Notice50/canonical.html-53,200,OK,Sample50 1-17,text,true,,298,303,1,1,http://detectportal.firefox.com/canonical.html,57,0,0
1734541108630,57,Notice50/success.txt-54,200,OK,Sample50 1-17,text,true,,216,320,1,1,http://detectportal.firefox.com/success.txt?ipv4,57,0,0
1734541108688,56,Notice50/success.txt-55,200,OK,Sample50 1-17,text,true,,216,320,1,1,http://detectportal.firefox.com/success.txt?ipv6,56,0,0
1734541110577,23,Home/home/notice-137,200,OK,Sample50 1-18,text,true,,3583,478,1,1,https://cse.buet.ac.bd/home/notice,23,0,0
1734541110600,56,Notice50/canonical.html-53,200,OK,Sample50 1-18,text,true,,298,303,1,1,http://detectportal.firefox.com/canonical.html,56,0,0
1734541110656,55,Notice50/success.txt-54,200,OK,Sample50 1-18,text,true,,216,320,1,1,http://detectportal.firefox.com/success.txt?ipv4,55,0,0
1734541110711,56,Notice50/success.txt-55,200,OK,Sample50 1-18,text,true,,216,320,1,1,http://detectportal.firefox.com/success.txt?ipv6,56,0,0
1734541112612,31,Home/home/notice-137,200,OK,Sample50 1-19,text,true,,3583,478,1,1,https://cse.buet.ac.bd/home/notice,31,0,0
1734541112643,58,Notice50/canonical.html-53,200,OK,Sample50 1-19,text,true,,298,303,1,1,http://detectportal.firefox.com/canonical.html,58,0,0
1734541112702,66,Notice50/success.txt-54,200,OK,Sample50 1-19,text,true,,216,320,1,1,http://detectportal.firefox.com/success.txt?ipv4,66,0,0
1734541112769,65,Notice50/success.txt-55,200,OK,Sample50 1-19,text,true,,216,320,1,1,http://detectportal.firefox.com/success.txt?ipv6,65,0,0
1734541114528,22,Home/home/notice-137,200,OK,Sample50 1-20,text,true,,3583,478,1,1,https://cse.buet.ac.bd/home/notice,22,0,0
1734541114551,56,Notice50/canonical.html-53,200,OK,Sample50 1-20,text,true,,298,303,1,1,http://detectportal.firefox.com/canonical.html,56,0,0
1734541114607,54,Notice50/success.txt-54,200,OK,Sample50 1-20,text,true,,216,320,1,1,http://detectportal.firefox.com/success.txt?ipv4,54,0,0
1734541114661,56,Notice50/success.txt-55,200,OK,Sample50 1-20,text,true,,216,320,1,1,http://detectportal.firefox.com/success.txt?ipv6,56,0,0
1734541116554,32,Home/home/notice-137,200,OK,Sample50 1-21,text,true,,3583,478,1,1,https://cse.buet.ac.bd/home/notice,32,0,0
1734541116586,56,Notice50/canonical.html-53,200,OK,Sample50 1-21,text,true,,298,303,1,1,http://detectportal.firefox.com/canonical.html,56,0,0
1734541116642,59,Notice50/success.txt-54,200,OK,Sample50 1-21,text,true,,216,320,1,1,http://detectportal.firefox.com/success.txt?ipv4,59,0,0
1734541116701,59,Notice50/success.txt-55,200,OK,Sample50 1-21,text,true,,216,320,1,1,http://detectportal.firefox.com/success.txt?ipv6,59,0,0
1734541118555,33,Home/home/notice-137,200,OK,Sample50 1-22,text,true,,3583,478,1,1,https://cse.buet.ac.bd/home/notice,33,0,0
1734541118588,57,Notice50/canonical.html-53,200,OK,Sample50 1-22,text,true,,298,303,1,1,http://detectportal.firefox.com/canonical.html,57,0,0
1734541118645,324,Notice50/success.txt-54,200,OK,Sample50 1-22,text,false,"The operation lasted too long: It took 324 milliseconds, but should not have lasted longer than 180 milliseconds.",216,320,1,2,http://detectportal.firefox.com/success.txt?ipv4,324,0,0
1734541118969,62,Notice50/success.txt-55,200,OK,Sample50 1-22,text,true,,216,320,1,2,http://detectportal.firefox.com/success.txt?ipv6,62,0,0
1734541120742,25,Home/home/notice-137,200,OK,Sample50 1-23,text,true,,3583,478,1,1,https://cse.buet.ac.bd/home/notice,25,0,0
1734541120767,57,Notice50/canonical.html-53,200,OK,Sample50 1-23,text,true,,298,303,1,1,http://detectportal.firefox.com/canonical.html,57,0,0
1734541120824,54,Notice50/success.txt-54,200,OK,Sample50 1-23,text,true,,216,320,1,1,http://detectportal.firefox.com/success.txt?ipv4,54,0,0
1734541120879,59,Notice50/success.txt-55,200,OK,Sample50 1-23,text,true,,216,320,1,2,http://detectportal.firefox.com/success.txt?ipv6,59,0,0
1734541122555,21,Home/home/notice-137,200,OK,Sample50 1-24,text,true,,3583,478,1,1,https://cse.buet.ac.bd/home/notice,21,0,0
1734541122577,55,Notice50/canonical.html-53,200,OK,Sample50 1-24,text,true,,298,303,1,1,http://detectportal.firefox.com/canonical.html,55,0,0
1734541122633,58,Notice50/success.txt-54,200,OK,Sample50 1-24,text,true,,216,320,1,1,http://detectportal.firefox.com/success.txt?ipv4,58,0,0
1734541122691,58,Notice50/success.txt-55,200,OK,Sample50 1-24,text,true,,216,320,1,1,http://detectportal.firefox.com/success.txt?ipv6,58,0,0
1734541124627,28,Home/home/notice-137,200,OK,Sample50 1-25,text,true,,3583,478,1,1,https://cse.buet.ac.bd/home/notice,27,0,0
1734541124655,55,Notice50/canonical.html-53,200,OK,Sample50 1-25,text,true,,298,303,1,1,http://detectportal.firefox.com/canonical.html,55,0,0
1734541124711,57,Notice50/success.txt-54,200,OK,Sample50 1-25,text,true,,216,320,1,1,http://detectportal.firefox.com/success.txt?ipv4,57,0,0
1734541124769,59,Notice50/success.txt-55,200,OK,Sample50 1-25,text,true,,216,320,1,1,http://detectportal.firefox.com/success.txt?ipv6,59,0,0
1734541126644,26,Home/home/notice-137,200,OK,Sample50 1-26,text,true,,3583,478,1,1,https://cse.buet.ac.bd/home/notice,26,0,0
1734541126671,56,Notice50/canonical.html-53,200,OK,Sample50 1-26,text,true,,298,303,1,1,http://detectportal.firefox.com/canonical.html,56,0,0
1734541126727,54,Notice50/success.txt-54,200,OK,Sample50 1-26,text,true,,216,320,1,1,http://detectportal.firefox.com/success.txt?ipv4,54,0,0
1734541126781,56,Notice50/success.txt-55,200,OK,Sample50 1-26,text,true,,216,320,1,1,http://detectportal.firefox.com/success.txt?ipv6,56,0,0
1734541128542,27,Home/home/notice-137,200,OK,Sample50 1-27,text,true,,3583,478,1,1,https://cse.buet.ac.bd/home/notice,27,0,0
1734541128569,68,Notice50/canonical.html-53,200,OK,Sample50 1-27,text,true,,298,303,1,1,http://detectportal.firefox.com/canonical.html,68,0,0
1734541128638,57,Notice50/success.txt-54,200,OK,Sample50 1-27,text,true,,216,320,1,1,http://detectportal.firefox.com/success.txt?ipv4,57,0,0
1734541128696,54,Notice50/success.txt-55,200,OK,Sample50 1-27,text,true,,216,320,1,1,http://detectportal.firefox.com/success.txt?ipv6,54,0,0
1734541130528,28,Home/home/notice-137,200,OK,Sample50 1-28,text,true,,3583,478,1,1,https://cse.buet.ac.bd/home/notice,28,0,0
1734541130557,60,Notice50/canonical.html-53,200,OK,Sample50 1-28,text,true,,298,303,1,1,http://detectportal.firefox.com/canonical.html,60,0,0
1734541130617,58,Notice50/success.txt-54,200,OK,Sample50 1-28,text,true,,216,320,1,1,http://detectportal.firefox.com/success.txt?ipv4,58,0,0
1734541130675,61,Notice50/success.txt-55,200,OK,Sample50 1-28,text,true,,216,320,1,1,http://detectportal.firefox.com/success.txt?ipv6,61,0,0
1734541132793,26,Home/home/notice-137,200,OK,Sample50 1-29,text,true,,3583,478,1,1,https://cse.buet.ac.bd/home/notice,25,0,0
1734541132819,55,Notice50/canonical.html-53,200,OK,Sample50 1-29,text,true,,298,303,1,1,http://detectportal.firefox.com/canonical.html,55,0,0
1734541132874,56,Notice50/success.txt-54,200,OK,Sample50 1-29,text,true,,216,320,1,2,http://detectportal.firefox.com/success.txt?ipv4,56,0,0
1734541132930,54,Notice50/success.txt-55,200,OK,Sample50 1-29,text,true,,216,320,1,2,http://detectportal.firefox.com/success.txt?ipv6,54,0,0
1734541134910,21,Home/home/notice-137,200,OK,Sample50 1-30,text,true,,3583,478,1,2,https://cse.buet.ac.bd/home/notice,21,0,0
1734541134931,58,Notice50/canonical.html-53,200,OK,Sample50 1-30,text,true,,298,303,1,2,http://detectportal.firefox.com/canonical.html,58,0,0
1734541134989,56,Notice50/success.txt-54,200,OK,Sample50 1-30,text,true,,216,320,1,2,http://detectportal.firefox.com/success.txt?ipv4,56,0,0
1734541135045,55,Notice50/success.txt-55,200,OK,Sample50 1-30,text,true,,216,320,1,2,http://detectportal.firefox.com/success.txt?ipv6,55,0,0
1734541136542,30,Home/home/notice-137,200,OK,Sample50 1-31,text,true,,3583,478,1,1,https://cse.buet.ac.bd/home/notice,30,0,0
1734541136573,66,Notice50/canonical.html-53,200,OK,Sample50 1-31,text,true,,298,303,1,1,http://detectportal.firefox.com/canonical.html,66,0,0
1734541136638,67,Notice50/success.txt-54,200,OK,Sample50 1-31,text,true,,216,320,1,1,http://detectportal.firefox.com/success.txt?ipv4,67,0,0
1734541136706,63,Notice50/success.txt-55,200,OK,Sample50 1-31,text,true,,216,320,1,1,http://detectportal.firefox.com/success.txt?ipv6,63,0,0
1734541138646,31,Home/home/notice-137,200,OK,Sample50 1-32,text,true,,3583,478,1,1,https://cse.buet.ac.bd/home/notice,30,0,0
1734541138677,60,Notice50/canonical.html-53,200,OK,Sample50 1-32,text,true,,298,303,1,1,http://detectportal.firefox.com/canonical.html,60,0,0
1734541138737,56,Notice50/success.txt-54,200,OK,Sample50 1-32,text,true,,216,320,1,1,http://detectportal.firefox.com/success.txt?ipv4,56,0,0
1734541138793,55,Notice50/success.txt-55,200,OK,Sample50 1-32,text,true,,216,320,1,1,http://detectportal.firefox.com/success.txt?ipv6,55,0,0
1734541140555,31,Home/home/notice-137,200,OK,Sample50 1-33,text,true,,3583,478,1,1,https://cse.buet.ac.bd/home/notice,30,0,0
1734541140586,55,Notice50/canonical.html-53,200,OK,Sample50 1-33,text,true,,298,303,1,1,http://detectportal.firefox.com/canonical.html,55,0,0
1734541140641,65,Notice50/success.txt-54,200,OK,Sample50 1-33,text,true,,216,320,1,1,http://detectportal.firefox.com/success.txt?ipv4,65,0,0
1734541140707,65,Notice50/success.txt-55,200,OK,Sample50 1-33,text,true,,216,320,1,1,http://detectportal.firefox.com/success.txt?ipv6,65,0,0
1734541142562,22,Home/home/notice-137,200,OK,Sample50 1-34,text,true,,3583,478,1,1,https://cse.buet.ac.bd/home/notice,21,0,0
1734541142584,54,Notice50/canonical.html-53,200,OK,Sample50 1-34,text,true,,298,303,1,1,http://detectportal.firefox.com/canonical.html,54,0,0
1734541142639,56,Notice50/success.txt-54,200,OK,Sample50 1-34,text,true,,216,320,1,1,http://detectportal.firefox.com/success.txt?ipv4,56,0,0
1734541142695,58,Notice50/success.txt-55,200,OK,Sample50 1-34,text,true,,216,320,1,1,http://detectportal.firefox.com/success.txt?ipv6,58,0,0
1734541144634,20,Home/home/notice-137,200,OK,Sample50 1-35,text,true,,3583,478,1,1,https://cse.buet.ac.bd/home/notice,20,0,0
1734541144654,77,Notice50/canonical.html-53,200,OK,Sample50 1-35,text,true,,298,303,1,1,http://detectportal.firefox.com/canonical.html,77,0,0
1734541144731,60,Notice50/success.txt-54,200,OK,Sample50 1-35,text,true,,216,320,1,1,http://detectportal.firefox.com/success.txt?ipv4,60,0,0
1734541144791,57,Notice50/success.txt-55,200,OK,Sample50 1-35,text,true,,216,320,1,1,http://detectportal.firefox.com/success.txt?ipv6,57,0,0
1734541146553,42,Home/home/notice-137,200,OK,Sample50 1-36,text,true,,3583,478,1,1,https://cse.buet.ac.bd/home/notice,41,0,0
1734541146595,55,Notice50/canonical.html-53,200,OK,Sample50 1-36,text,true,,298,303,1,1,http://detectportal.firefox.com/canonical.html,55,0,0
1734541146650,55,Notice50/success.txt-54,200,OK,Sample50 1-36,text,true,,216,320,1,1,http://detectportal.firefox.com/success.txt?ipv4,55,0,0
1734541146706,53,Notice50/success.txt-55,200,OK,Sample50 1-36,text,true,,216,320,1,1,http://detectportal.firefox.com/success.txt?ipv6,53,0,0
1734541148563,28,Home/home/notice-137,200,OK,Sample50 1-37,text,true,,3583,478,1,1,https://cse.buet.ac.bd/home/notice,27,0,0
1734541148591,58,Notice50/canonical.html-53,200,OK,Sample50 1-37,text,true,,298,303,1,1,http://detectportal.firefox.com/canonical.html,58,0,0
1734541148649,58,Notice50/success.txt-54,200,OK,Sample50 1-37,text,true,,216,320,1,1,http://detectportal.firefox.com/success.txt?ipv4,58,0,0
1734541148708,57,Notice50/success.txt-55,200,OK,Sample50 1-37,text,true,,216,320,1,1,http://detectportal.firefox.com/success.txt?ipv6,57,0,0
1734541150553,26,Home/home/notice-137,200,OK,Sample50 1-38,text,true,,3583,478,1,1,https://cse.buet.ac.bd/home/notice,26,0,0
1734541150580,56,Notice50/canonical.html-53,200,OK,Sample50 1-38,text,true,,298,303,1,1,http://detectportal.firefox.com/canonical.html,56,0,0
1734541150636,77,Notice50/success.txt-54,200,OK,Sample50 1-38,text,true,,216,320,1,1,http://detectportal.firefox.com/success.txt?ipv4,77,0,0
1734541150713,74,Notice50/success.txt-55,200,OK,Sample50 1-38,text,true,,216,320,1,1,http://detectportal.firefox.com/success.txt?ipv6,74,0,0
1734541152540,25,Home/home/notice-137,200,OK,Sample50 1-39,text,true,,3583,478,1,1,https://cse.buet.ac.bd/home/notice,25,0,0
1734541152565,54,Notice50/canonical.html-53,200,OK,Sample50 1-39,text,true,,298,303,1,1,http://detectportal.firefox.com/canonical.html,53,0,0
1734541152619,63,Notice50/success.txt-54,200,OK,Sample50 1-39,text,true,,216,320,1,1,http://detectportal.firefox.com/success.txt?ipv4,63,0,0
1734541152683,53,Notice50/success.txt-55,200,OK,Sample50 1-39,text,true,,216,320,1,1,http://detectportal.firefox.com/success.txt?ipv6,53,0,0
1734541154565,24,Home/home/notice-137,200,OK,Sample50 1-40,text,true,,3583,478,1,1,https://cse.buet.ac.bd/home/notice,24,0,0
1734541154590,61,Notice50/canonical.html-53,200,OK,Sample50 1-40,text,true,,298,303,1,1,http://detectportal.firefox.com/canonical.html,61,0,0
1734541154651,61,Notice50/success.txt-54,200,OK,Sample50 1-40,text,true,,216,320,1,1,http://detectportal.firefox.com/success.txt?ipv4,61,0,0
1734541154712,56,Notice50/success.txt-55,200,OK,Sample50 1-40,text,true,,216,320,1,1,http://detectportal.firefox.com/success.txt?ipv6,56,0,0
1734541156690,25,Home/home/notice-137,200,OK,Sample50 1-41,text,true,,3583,478,1,1,https://cse.buet.ac.bd/home/notice,25,0,0
1734541156716,70,Notice50/canonical.html-53,200,OK,Sample50 1-41,text,true,,298,303,1,1,http://detectportal.firefox.com/canonical.html,70,0,0
1734541156786,54,Notice50/success.txt-54,200,OK,Sample50 1-41,text,true,,216,320,1,1,http://detectportal.firefox.com/success.txt?ipv4,54,0,0
1734541156840,55,Notice50/success.txt-55,200,OK,Sample50 1-41,text,true,,216,320,1,1,http://detectportal.firefox.com/success.txt?ipv6,55,0,0
1734541158549,28,Home/home/notice-137,200,OK,Sample50 1-42,text,true,,3583,478,1,1,https://cse.buet.ac.bd/home/notice,28,0,0
1734541158578,53,Notice50/canonical.html-53,200,OK,Sample50 1-42,text,true,,298,303,1,1,http://detectportal.firefox.com/canonical.html,53,0,0
1734541158632,60,Notice50/success.txt-54,200,OK,Sample50 1-42,text,true,,216,320,1,1,http://detectportal.firefox.com/success.txt?ipv4,60,0,0
1734541158692,53,Notice50/success.txt-55,200,OK,Sample50 1-42,text,true,,216,320,1,1,http://detectportal.firefox.com/success.txt?ipv6,53,0,0
1734541160662,24,Home/home/notice-137,200,OK,Sample50 1-43,text,true,,3583,478,1,1,https://cse.buet.ac.bd/home/notice,23,0,0
1734541160686,56,Notice50/canonical.html-53,200,OK,Sample50 1-43,text,true,,298,303,1,1,http://detectportal.firefox.com/canonical.html,56,0,0
1734541160742,62,Notice50/success.txt-54,200,OK,Sample50 1-43,text,true,,216,320,1,1,http://detectportal.firefox.com/success.txt?ipv4,62,0,0
1734541160804,58,Notice50/success.txt-55,200,OK,Sample50 1-43,text,true,,216,320,1,1,http://detectportal.firefox.com/success.txt?ipv6,58,0,0
1734541162566,28,Home/home/notice-137,200,OK,Sample50 1-44,text,true,,3583,478,1,1,https://cse.buet.ac.bd/home/notice,27,0,0
1734541162594,54,Notice50/canonical.html-53,200,OK,Sample50 1-44,text,true,,298,303,1,1,http://detectportal.firefox.com/canonical.html,54,0,0
1734541162649,55,Notice50/success.txt-54,200,OK,Sample50 1-44,text,true,,216,320,1,1,http://detectportal.firefox.com/success.txt?ipv4,55,0,0
1734541162705,57,Notice50/success.txt-55,200,OK,Sample50 1-44,text,true,,216,320,1,1,http://detectportal.firefox.com/success.txt?ipv6,57,0,0
1734541165608,31,Home/home/notice-137,200,OK,Sample50 1-45,text,true,,3583,478,1,1,https://cse.buet.ac.bd/home/notice,30,0,0
1734541165639,56,Notice50/canonical.html-53,200,OK,Sample50 1-45,text,true,,298,303,1,1,http://detectportal.firefox.com/canonical.html,56,0,0
1734541165695,54,Notice50/success.txt-54,200,OK,Sample50 1-45,text,true,,216,320,1,1,http://detectportal.firefox.com/success.txt?ipv4,54,0,0
1734541165749,55,Notice50/success.txt-55,200,OK,Sample50 1-45,text,true,,216,320,1,1,http://detectportal.firefox.com/success.txt?ipv6,55,0,0
1734541166568,23,Home/home/notice-137,200,OK,Sample50 1-46,text,true,,3583,478,1,1,https://cse.buet.ac.bd/home/notice,23,0,0
1734541166591,56,Notice50/canonical.html-53,200,OK,Sample50 1-46,text,true,,298,303,1,1,http://detectportal.firefox.com/canonical.html,56,0,0
1734541166648,54,Notice50/success.txt-54,200,OK,Sample50 1-46,text,true,,216,320,1,1,http://detectportal.firefox.com/success.txt?ipv4,54,0,0
1734541166703,55,Notice50/success.txt-55,200,OK,Sample50 1-46,text,true,,216,320,1,1,http://detectportal.firefox.com/success.txt?ipv6,55,0,0
1734541168562,26,Home/home/notice-137,200,OK,Sample50 1-47,text,true,,3583,478,1,1,https://cse.buet.ac.bd/home/notice,26,0,0
1734541168589,54,Notice50/canonical.html-53,200,OK,Sample50 1-47,text,true,,298,303,1,1,http://detectportal.firefox.com/canonical.html,54,0,0
1734541168644,55,Notice50/success.txt-54,200,OK,Sample50 1-47,text,true,,216,320,1,1,http://detectportal.firefox.com/success.txt?ipv4,55,0,0
1734541168700,60,Notice50/success.txt-55,200,OK,Sample50 1-47,text,true,,216,320,1,1,http://detectportal.firefox.com/success.txt?ipv6,59,0,0
1734541170600,30,Home/home/notice-137,200,OK,Sample50 1-48,text,true,,3583,478,1,1,https://cse.buet.ac.bd/home/notice,30,0,0
1734541170630,57,Notice50/canonical.html-53,200,OK,Sample50 1-48,text,true,,298,303,1,1,http://detectportal.firefox.com/canonical.html,57,0,0
1734541170687,57,Notice50/success.txt-54,200,OK,Sample50 1-48,text,true,,216,320,1,1,http://detectportal.firefox.com/success.txt?ipv4,57,0,0
1734541170744,63,Notice50/success.txt-55,200,OK,Sample50 1-48,text,true,,216,320,1,1,http://detectportal.firefox.com/success.txt?ipv6,63,0,0
1734541172532,24,Home/home/notice-137,200,OK,Sample50 1-49,text,true,,3583,478,1,1,https://cse.buet.ac.bd/home/notice,24,0,0
1734541172557,54,Notice50/canonical.html-53,200,OK,Sample50 1-49,text,true,,298,303,1,1,http://detectportal.firefox.com/canonical.html,54,0,0
1734541172612,63,Notice50/success.txt-54,200,OK,Sample50 1-49,text,true,,216,320,1,1,http://detectportal.firefox.com/success.txt?ipv4,63,0,0
1734541172675,56,Notice50/success.txt-55,200,OK,Sample50 1-49,text,true,,216,320,1,1,http://detectportal.firefox.com/success.txt?ipv6,56,0,0
1734541174562,23,Home/home/notice-137,200,OK,Sample50 1-50,text,true,,3583,478,1,1,https://cse.buet.ac.bd/home/notice,23,0,0
1734541174586,60,Notice50/canonical.html-53,200,OK,Sample50 1-50,text,true,,298,303,1,1,http://detectportal.firefox.com/canonical.html,60,0,0
1734541174646,56,Notice50/success.txt-54,200,OK,Sample50 1-50,text,true,,216,320,1,1,http://detectportal.firefox.com/success.txt?ipv4,56,0,0
1734541174702,56,Notice50/success.txt-55,200,OK,Sample50 1-50,text,true,,216,320,1,1,http://detectportal.firefox.com/success.txt?ipv6,56,0,0
