timeStamp,elapsed,label,responseCode,responseMessage,threadName,dataType,success,failureMessage,bytes,sentBytes,grpThreads,allThreads,URL,Latency,IdleTime,Connect
1734541076084,23,Home/home/notice-137,200,OK,Sample100 2-1,text,true,,3583,478,1,2,https://cse.buet.ac.bd/home/notice,23,0,0
1734541076108,236,notice100/wr2-56,200,OK,Sample100 2-1,text,false,"The operation lasted too long: It took 236 milliseconds, but should not have lasted longer than 155 milliseconds.",231,477,1,2,http://o.pki.goog/wr2,236,0,90
1734541077100,23,Home/home/notice-137,200,OK,Sample100 2-2,text,true,,3583,478,1,1,https://cse.buet.ac.bd/home/notice,23,0,0
1734541077124,234,notice100/wr2-56,200,OK,Sample100 2-2,text,false,"The operation lasted too long: It took 234 milliseconds, but should not have lasted longer than 155 milliseconds.",231,477,1,1,http://o.pki.goog/wr2,234,0,76
1734541078103,23,Home/home/notice-137,200,OK,Sample100 2-3,text,true,,3583,478,1,2,https://cse.buet.ac.bd/home/notice,23,0,0
1734541078127,223,notice100/wr2-56,200,OK,Sample100 2-3,text,false,"The operation lasted too long: It took 223 milliseconds, but should not have lasted longer than 155 milliseconds.",231,477,1,2,http://o.pki.goog/wr2,223,0,80
1734541079200,26,Home/home/notice-137,200,OK,Sample100 2-4,text,true,,3583,478,1,1,https://cse.buet.ac.bd/home/notice,26,0,0
1734541079227,246,notice100/wr2-56,200,OK,Sample100 2-4,text,false,"The operation lasted too long: It took 246 milliseconds, but should not have lasted longer than 155 milliseconds.",231,477,1,1,http://o.pki.goog/wr2,246,0,93
1734541080100,22,Home/home/notice-137,200,OK,Sample100 2-5,text,true,,3583,478,1,2,https://cse.buet.ac.bd/home/notice,22,0,0
1734541080123,282,notice100/wr2-56,200,OK,Sample100 2-5,text,false,"The operation lasted too long: It took 282 milliseconds, but should not have lasted longer than 155 milliseconds.",231,477,1,2,http://o.pki.goog/wr2,282,0,77
1734541081221,15,Home/home/notice-137,200,OK,Sample100 2-6,text,true,,3583,478,1,1,https://cse.buet.ac.bd/home/notice,15,0,0
1734541081237,598,notice100/wr2-56,200,OK,Sample100 2-6,text,false,"The operation lasted too long: It took 598 milliseconds, but should not have lasted longer than 155 milliseconds.",231,477,1,1,http://o.pki.goog/wr2,598,0,79
1734541082122,36,Home/home/notice-137,200,OK,Sample100 2-7,text,true,,3583,478,1,2,https://cse.buet.ac.bd/home/notice,36,0,0
1734541082159,559,notice100/wr2-56,200,OK,Sample100 2-7,text,false,"The operation lasted too long: It took 559 milliseconds, but should not have lasted longer than 155 milliseconds.",231,477,1,2,http://o.pki.goog/wr2,559,0,83
1734541083419,22,Home/home/notice-137,200,OK,Sample100 2-8,text,true,,3583,478,1,1,https://cse.buet.ac.bd/home/notice,22,0,0
1734541083442,226,notice100/wr2-56,200,OK,Sample100 2-8,text,false,"The operation lasted too long: It took 226 milliseconds, but should not have lasted longer than 155 milliseconds.",231,477,1,1,http://o.pki.goog/wr2,226,0,76
1734541085084,22,Home/home/notice-137,200,OK,Sample100 2-9,text,true,,3583,478,2,2,https://cse.buet.ac.bd/home/notice,22,0,0
1734541085101,16,Home/home/notice-137,200,OK,Sample100 2-10,text,true,,3583,478,2,2,https://cse.buet.ac.bd/home/notice,15,0,0
1734541085107,227,notice100/wr2-56,200,OK,Sample100 2-9,text,false,"The operation lasted too long: It took 227 milliseconds, but should not have lasted longer than 155 milliseconds.",231,477,2,2,http://o.pki.goog/wr2,227,0,77
1734541085117,226,notice100/wr2-56,200,OK,Sample100 2-10,text,false,"The operation lasted too long: It took 226 milliseconds, but should not have lasted longer than 155 milliseconds.",231,477,1,1,http://o.pki.goog/wr2,226,0,80
1734541086074,16,Home/home/notice-137,200,OK,Sample100 2-11,text,true,,3583,478,1,2,https://cse.buet.ac.bd/home/notice,16,0,0
1734541086091,219,notice100/wr2-56,200,OK,Sample100 2-11,text,false,"The operation lasted too long: It took 219 milliseconds, but should not have lasted longer than 155 milliseconds.",231,477,1,2,http://o.pki.goog/wr2,219,0,76
1734541087208,21,Home/home/notice-137,200,OK,Sample100 2-12,text,true,,3583,478,1,1,https://cse.buet.ac.bd/home/notice,21,0,0
1734541087230,537,notice100/wr2-56,200,OK,Sample100 2-12,text,false,"The operation lasted too long: It took 537 milliseconds, but should not have lasted longer than 155 milliseconds.",231,477,1,1,http://o.pki.goog/wr2,537,0,82
1734541088102,21,Home/home/notice-137,200,OK,Sample100 2-13,text,true,,3583,478,1,2,https://cse.buet.ac.bd/home/notice,21,0,0
1734541088124,232,notice100/wr2-56,200,OK,Sample100 2-13,text,false,"The operation lasted too long: It took 232 milliseconds, but should not have lasted longer than 155 milliseconds.",231,477,1,2,http://o.pki.goog/wr2,232,0,81
1734541089220,24,Home/home/notice-137,200,OK,Sample100 2-14,text,true,,3583,478,1,1,https://cse.buet.ac.bd/home/notice,24,0,0
1734541089244,395,notice100/wr2-56,200,OK,Sample100 2-14,text,false,"The operation lasted too long: It took 395 milliseconds, but should not have lasted longer than 155 milliseconds.",231,477,1,1,http://o.pki.goog/wr2,395,0,84
1734541090080,20,Home/home/notice-137,200,OK,Sample100 2-15,text,true,,3583,478,1,2,https://cse.buet.ac.bd/home/notice,19,0,0
1734541090100,220,notice100/wr2-56,200,OK,Sample100 2-15,text,false,"The operation lasted too long: It took 220 milliseconds, but should not have lasted longer than 155 milliseconds.",231,477,1,2,http://o.pki.goog/wr2,220,0,77
1734541091211,21,Home/home/notice-137,200,OK,Sample100 2-16,text,true,,3583,478,1,1,https://cse.buet.ac.bd/home/notice,20,0,0
1734541091232,250,notice100/wr2-56,200,OK,Sample100 2-16,text,false,"The operation lasted too long: It took 250 milliseconds, but should not have lasted longer than 155 milliseconds.",231,477,1,1,http://o.pki.goog/wr2,250,0,97
1734541092166,28,Home/home/notice-137,200,OK,Sample100 2-17,text,true,,3583,478,1,2,https://cse.buet.ac.bd/home/notice,28,0,0
1734541092195,328,notice100/wr2-56,200,OK,Sample100 2-17,text,false,"The operation lasted too long: It took 328 milliseconds, but should not have lasted longer than 155 milliseconds.",231,477,1,2,http://o.pki.goog/wr2,328,0,102
1734541093078,22,Home/home/notice-137,200,OK,Sample100 2-18,text,true,,3583,478,1,1,https://cse.buet.ac.bd/home/notice,22,0,0
1734541093100,237,notice100/wr2-56,200,OK,Sample100 2-18,text,false,"The operation lasted too long: It took 237 milliseconds, but should not have lasted longer than 155 milliseconds.",231,477,1,1,http://o.pki.goog/wr2,237,0,78
1734541094085,33,Home/home/notice-137,200,OK,Sample100 2-19,text,true,,3583,478,1,2,https://cse.buet.ac.bd/home/notice,33,0,0
1734541094119,229,notice100/wr2-56,200,OK,Sample100 2-19,text,false,"The operation lasted too long: It took 229 milliseconds, but should not have lasted longer than 155 milliseconds.",231,477,1,2,http://o.pki.goog/wr2,229,0,83
1734541095103,16,Home/home/notice-137,200,OK,Sample100 2-20,text,true,,3583,478,1,1,https://cse.buet.ac.bd/home/notice,16,0,0
1734541095120,242,notice100/wr2-56,200,OK,Sample100 2-20,text,false,"The operation lasted too long: It took 242 milliseconds, but should not have lasted longer than 155 milliseconds.",231,477,1,1,http://o.pki.goog/wr2,242,0,83
1734541096102,19,Home/home/notice-137,200,OK,Sample100 2-21,text,true,,3583,478,1,2,https://cse.buet.ac.bd/home/notice,19,0,0
1734541096121,562,notice100/wr2-56,200,OK,Sample100 2-21,text,false,"The operation lasted too long: It took 562 milliseconds, but should not have lasted longer than 155 milliseconds.",231,477,1,2,http://o.pki.goog/wr2,562,0,91
1734541097287,21,Home/home/notice-137,200,OK,Sample100 2-22,text,true,,3583,478,1,1,https://cse.buet.ac.bd/home/notice,21,0,0
1734541097309,567,notice100/wr2-56,200,OK,Sample100 2-22,text,false,"The operation lasted too long: It took 567 milliseconds, but should not have lasted longer than 155 milliseconds.",231,477,1,1,http://o.pki.goog/wr2,567,0,95
1734541098132,22,Home/home/notice-137,200,OK,Sample100 2-23,text,true,,3583,478,1,2,https://cse.buet.ac.bd/home/notice,21,0,0
1734541098154,262,notice100/wr2-56,200,OK,Sample100 2-23,text,false,"The operation lasted too long: It took 262 milliseconds, but should not have lasted longer than 155 milliseconds.",231,477,1,2,http://o.pki.goog/wr2,262,0,101
1734541099108,20,Home/home/notice-137,200,OK,Sample100 2-24,text,true,,3583,478,1,1,https://cse.buet.ac.bd/home/notice,19,0,0
1734541099128,393,notice100/wr2-56,200,OK,Sample100 2-24,text,false,"The operation lasted too long: It took 393 milliseconds, but should not have lasted longer than 155 milliseconds.",231,477,1,1,http://o.pki.goog/wr2,393,0,109
1734541100086,25,Home/home/notice-137,200,OK,Sample100 2-25,text,true,,3583,478,1,2,https://cse.buet.ac.bd/home/notice,25,0,0
1734541100112,310,notice100/wr2-56,200,OK,Sample100 2-25,text,false,"The operation lasted too long: It took 310 milliseconds, but should not have lasted longer than 155 milliseconds.",231,477,1,2,http://o.pki.goog/wr2,310,0,120
1734541101127,17,Home/home/notice-137,200,OK,Sample100 2-26,text,true,,3583,478,1,2,https://cse.buet.ac.bd/home/notice,17,0,0
1734541101144,262,notice100/wr2-56,200,OK,Sample100 2-26,text,false,"The operation lasted too long: It took 262 milliseconds, but should not have lasted longer than 155 milliseconds.",231,477,1,1,http://o.pki.goog/wr2,262,0,114
1734541102090,19,Home/home/notice-137,200,OK,Sample100 2-27,text,true,,3583,478,1,2,https://cse.buet.ac.bd/home/notice,19,0,0
1734541102109,283,notice100/wr2-56,200,OK,Sample100 2-27,text,false,"The operation lasted too long: It took 283 milliseconds, but should not have lasted longer than 155 milliseconds.",231,477,1,2,http://o.pki.goog/wr2,283,0,110
1734541103097,24,Home/home/notice-137,200,OK,Sample100 2-28,text,true,,3583,478,1,1,https://cse.buet.ac.bd/home/notice,24,0,0
1734541103122,449,notice100/wr2-56,200,OK,Sample100 2-28,text,false,"The operation lasted too long: It took 449 milliseconds, but should not have lasted longer than 155 milliseconds.",231,477,1,1,http://o.pki.goog/wr2,449,0,290
1734541104088,18,Home/home/notice-137,200,OK,Sample100 2-29,text,true,,3583,478,1,2,https://cse.buet.ac.bd/home/notice,18,0,0
1734541104106,245,notice100/wr2-56,200,OK,Sample100 2-29,text,false,"The operation lasted too long: It took 245 milliseconds, but should not have lasted longer than 155 milliseconds.",231,477,1,2,http://o.pki.goog/wr2,245,0,80
1734541105157,18,Home/home/notice-137,200,OK,Sample100 2-30,text,true,,3583,478,1,1,https://cse.buet.ac.bd/home/notice,18,0,0
1734541105176,228,notice100/wr2-56,200,OK,Sample100 2-30,text,false,"The operation lasted too long: It took 228 milliseconds, but should not have lasted longer than 155 milliseconds.",231,477,1,1,http://o.pki.goog/wr2,228,0,77
1734541106163,26,Home/home/notice-137,200,OK,Sample100 2-31,text,true,,3583,478,1,2,https://cse.buet.ac.bd/home/notice,26,0,0
1734541106190,302,notice100/wr2-56,200,OK,Sample100 2-31,text,false,"The operation lasted too long: It took 302 milliseconds, but should not have lasted longer than 155 milliseconds.",231,477,1,2,http://o.pki.goog/wr2,302,0,93
1734541107107,21,Home/home/notice-137,200,OK,Sample100 2-32,text,true,,3583,478,1,2,https://cse.buet.ac.bd/home/notice,21,0,0
1734541107129,223,notice100/wr2-56,200,OK,Sample100 2-32,text,false,"The operation lasted too long: It took 223 milliseconds, but should not have lasted longer than 155 milliseconds.",231,477,1,1,http://o.pki.goog/wr2,223,0,77
1734541108099,22,Home/home/notice-137,200,OK,Sample100 2-33,text,true,,3583,478,1,2,https://cse.buet.ac.bd/home/notice,21,0,0
1734541108121,232,notice100/wr2-56,200,OK,Sample100 2-33,text,false,"The operation lasted too long: It took 232 milliseconds, but should not have lasted longer than 155 milliseconds.",231,477,1,2,http://o.pki.goog/wr2,232,0,89
1734541109086,22,Home/home/notice-137,200,OK,Sample100 2-34,text,true,,3583,478,1,1,https://cse.buet.ac.bd/home/notice,22,0,0
1734541109109,374,notice100/wr2-56,200,OK,Sample100 2-34,text,false,"The operation lasted too long: It took 374 milliseconds, but should not have lasted longer than 155 milliseconds.",231,477,1,1,http://o.pki.goog/wr2,374,0,78
1734541110095,21,Home/home/notice-137,200,OK,Sample100 2-35,text,true,,3583,478,1,2,https://cse.buet.ac.bd/home/notice,21,0,0
1734541110117,236,notice100/wr2-56,200,OK,Sample100 2-35,text,false,"The operation lasted too long: It took 236 milliseconds, but should not have lasted longer than 155 milliseconds.",231,477,1,2,http://o.pki.goog/wr2,236,0,83
1734541111270,24,Home/home/notice-137,200,OK,Sample100 2-36,text,true,,3583,478,1,1,https://cse.buet.ac.bd/home/notice,23,0,0
1734541111295,544,notice100/wr2-56,200,OK,Sample100 2-36,text,false,"The operation lasted too long: It took 544 milliseconds, but should not have lasted longer than 155 milliseconds.",231,477,1,1,http://o.pki.goog/wr2,544,0,90
1734541112083,20,Home/home/notice-137,200,OK,Sample100 2-37,text,true,,3583,478,1,2,https://cse.buet.ac.bd/home/notice,20,0,0
1734541112104,261,notice100/wr2-56,200,OK,Sample100 2-37,text,false,"The operation lasted too long: It took 261 milliseconds, but should not have lasted longer than 155 milliseconds.",231,477,1,2,http://o.pki.goog/wr2,261,0,94
1734541113085,22,Home/home/notice-137,200,OK,Sample100 2-38,text,true,,3583,478,1,1,https://cse.buet.ac.bd/home/notice,22,0,0
1734541113107,578,notice100/wr2-56,200,OK,Sample100 2-38,text,false,"The operation lasted too long: It took 578 milliseconds, but should not have lasted longer than 155 milliseconds.",231,477,1,1,http://o.pki.goog/wr2,578,0,91
1734541114093,25,Home/home/notice-137,200,OK,Sample100 2-39,text,true,,3583,478,1,2,https://cse.buet.ac.bd/home/notice,25,0,0
1734541114119,220,notice100/wr2-56,200,OK,Sample100 2-39,text,false,"The operation lasted too long: It took 220 milliseconds, but should not have lasted longer than 155 milliseconds.",231,477,1,2,http://o.pki.goog/wr2,220,0,78
1734541115178,18,Home/home/notice-137,200,OK,Sample100 2-40,text,true,,3583,478,1,1,https://cse.buet.ac.bd/home/notice,18,0,0
1734541115197,455,notice100/wr2-56,200,OK,Sample100 2-40,text,false,"The operation lasted too long: It took 455 milliseconds, but should not have lasted longer than 155 milliseconds.",231,477,1,1,http://o.pki.goog/wr2,455,0,77
1734541116121,18,Home/home/notice-137,200,OK,Sample100 2-41,text,true,,3583,478,1,2,https://cse.buet.ac.bd/home/notice,18,0,0
1734541116140,220,notice100/wr2-56,200,OK,Sample100 2-41,text,false,"The operation lasted too long: It took 220 milliseconds, but should not have lasted longer than 155 milliseconds.",231,477,1,2,http://o.pki.goog/wr2,220,0,77
1734541117100,17,Home/home/notice-137,200,OK,Sample100 2-42,text,true,,3583,478,1,1,https://cse.buet.ac.bd/home/notice,16,0,0
1734541117117,228,notice100/wr2-56,200,OK,Sample100 2-42,text,false,"The operation lasted too long: It took 228 milliseconds, but should not have lasted longer than 155 milliseconds.",231,477,1,1,http://o.pki.goog/wr2,228,0,82
1734541118088,19,Home/home/notice-137,200,OK,Sample100 2-43,text,true,,3583,478,1,2,https://cse.buet.ac.bd/home/notice,19,0,0
1734541118108,223,notice100/wr2-56,200,OK,Sample100 2-43,text,false,"The operation lasted too long: It took 223 milliseconds, but should not have lasted longer than 155 milliseconds.",231,477,1,2,http://o.pki.goog/wr2,223,0,78
1734541119379,43,Home/home/notice-137,200,OK,Sample100 2-44,text,true,,3583,478,1,1,https://cse.buet.ac.bd/home/notice,43,0,0
1734541119423,227,notice100/wr2-56,200,OK,Sample100 2-44,text,false,"The operation lasted too long: It took 227 milliseconds, but should not have lasted longer than 155 milliseconds.",231,477,1,1,http://o.pki.goog/wr2,227,0,77
1734541120306,19,Home/home/notice-137,200,OK,Sample100 2-45,text,true,,3583,478,1,2,https://cse.buet.ac.bd/home/notice,19,0,0
1734541120326,236,notice100/wr2-56,200,OK,Sample100 2-45,text,false,"The operation lasted too long: It took 236 milliseconds, but should not have lasted longer than 155 milliseconds.",231,477,1,2,http://o.pki.goog/wr2,236,0,79
1734541121099,22,Home/home/notice-137,200,OK,Sample100 2-46,text,true,,3583,478,1,1,https://cse.buet.ac.bd/home/notice,22,0,0
1734541121122,224,notice100/wr2-56,200,OK,Sample100 2-46,text,false,"The operation lasted too long: It took 224 milliseconds, but should not have lasted longer than 155 milliseconds.",231,477,1,1,http://o.pki.goog/wr2,224,0,77
1734541122083,18,Home/home/notice-137,200,OK,Sample100 2-47,text,true,,3583,478,1,2,https://cse.buet.ac.bd/home/notice,18,0,0
1734541122102,244,notice100/wr2-56,200,OK,Sample100 2-47,text,false,"The operation lasted too long: It took 244 milliseconds, but should not have lasted longer than 155 milliseconds.",231,477,1,2,http://o.pki.goog/wr2,244,0,94
1734541123407,16,Home/home/notice-137,200,OK,Sample100 2-48,text,true,,3583,478,1,1,https://cse.buet.ac.bd/home/notice,16,0,0
1734541123425,224,notice100/wr2-56,200,OK,Sample100 2-48,text,false,"The operation lasted too long: It took 224 milliseconds, but should not have lasted longer than 155 milliseconds.",231,477,1,1,http://o.pki.goog/wr2,224,0,82
1734541124112,15,Home/home/notice-137,200,OK,Sample100 2-49,text,true,,3583,478,1,2,https://cse.buet.ac.bd/home/notice,15,0,0
1734541124129,266,notice100/wr2-56,200,OK,Sample100 2-49,text,false,"The operation lasted too long: It took 266 milliseconds, but should not have lasted longer than 155 milliseconds.",231,477,1,2,http://o.pki.goog/wr2,266,0,100
1734541125239,19,Home/home/notice-137,200,OK,Sample100 2-50,text,true,,3583,478,1,1,https://cse.buet.ac.bd/home/notice,19,0,0
1734541125259,233,notice100/wr2-56,200,OK,Sample100 2-50,text,false,"The operation lasted too long: It took 233 milliseconds, but should not have lasted longer than 155 milliseconds.",231,477,1,1,http://o.pki.goog/wr2,233,0,82
1734541126103,26,Home/home/notice-137,200,OK,Sample100 2-51,text,true,,3583,478,1,2,https://cse.buet.ac.bd/home/notice,25,0,0
1734541126130,220,notice100/wr2-56,200,OK,Sample100 2-51,text,false,"The operation lasted too long: It took 220 milliseconds, but should not have lasted longer than 155 milliseconds.",231,477,1,2,http://o.pki.goog/wr2,220,0,76
1734541127091,18,Home/home/notice-137,200,OK,Sample100 2-52,text,true,,3583,478,1,1,https://cse.buet.ac.bd/home/notice,18,0,0
1734541127110,222,notice100/wr2-56,200,OK,Sample100 2-52,text,false,"The operation lasted too long: It took 222 milliseconds, but should not have lasted longer than 155 milliseconds.",231,477,1,1,http://o.pki.goog/wr2,222,0,77
1734541128075,18,Home/home/notice-137,200,OK,Sample100 2-53,text,true,,3583,478,1,2,https://cse.buet.ac.bd/home/notice,18,0,0
1734541128094,221,notice100/wr2-56,200,OK,Sample100 2-53,text,false,"The operation lasted too long: It took 221 milliseconds, but should not have lasted longer than 155 milliseconds.",231,477,1,2,http://o.pki.goog/wr2,221,0,76
1734541129148,16,Home/home/notice-137,200,OK,Sample100 2-54,text,true,,3583,478,1,1,https://cse.buet.ac.bd/home/notice,16,0,0
1734541129164,225,notice100/wr2-56,200,OK,Sample100 2-54,text,false,"The operation lasted too long: It took 225 milliseconds, but should not have lasted longer than 155 milliseconds.",231,477,1,1,http://o.pki.goog/wr2,225,0,80
1734541130083,22,Home/home/notice-137,200,OK,Sample100 2-55,text,true,,3583,478,1,2,https://cse.buet.ac.bd/home/notice,22,0,0
1734541130106,222,notice100/wr2-56,200,OK,Sample100 2-55,text,false,"The operation lasted too long: It took 222 milliseconds, but should not have lasted longer than 155 milliseconds.",231,477,1,2,http://o.pki.goog/wr2,222,0,79
1734541131203,24,Home/home/notice-137,200,OK,Sample100 2-56,text,true,,3583,478,1,1,https://cse.buet.ac.bd/home/notice,24,0,0
1734541131228,216,notice100/wr2-56,200,OK,Sample100 2-56,text,false,"The operation lasted too long: It took 216 milliseconds, but should not have lasted longer than 155 milliseconds.",231,477,1,1,http://o.pki.goog/wr2,216,0,76
1734541132370,23,Home/home/notice-137,200,OK,Sample100 2-57,text,true,,3583,478,1,2,https://cse.buet.ac.bd/home/notice,22,0,0
1734541132394,220,notice100/wr2-56,200,OK,Sample100 2-57,text,false,"The operation lasted too long: It took 220 milliseconds, but should not have lasted longer than 155 milliseconds.",231,477,1,2,http://o.pki.goog/wr2,220,0,77
1734541133391,22,Home/home/notice-137,200,OK,Sample100 2-58,text,true,,3583,478,1,1,https://cse.buet.ac.bd/home/notice,21,0,0
1734541133413,219,notice100/wr2-56,200,OK,Sample100 2-58,text,false,"The operation lasted too long: It took 219 milliseconds, but should not have lasted longer than 155 milliseconds.",231,477,1,1,http://o.pki.goog/wr2,219,0,77
1734541134093,17,Home/home/notice-137,200,OK,Sample100 2-59,text,true,,3583,478,1,2,https://cse.buet.ac.bd/home/notice,16,0,0
1734541134110,224,notice100/wr2-56,200,OK,Sample100 2-59,text,false,"The operation lasted too long: It took 224 milliseconds, but should not have lasted longer than 155 milliseconds.",231,477,1,2,http://o.pki.goog/wr2,224,0,79
1734541135100,20,Home/home/notice-137,200,OK,Sample100 2-60,text,true,,3583,478,1,1,https://cse.buet.ac.bd/home/notice,20,0,0
1734541135121,219,notice100/wr2-56,200,OK,Sample100 2-60,text,false,"The operation lasted too long: It took 219 milliseconds, but should not have lasted longer than 155 milliseconds.",231,477,1,1,http://o.pki.goog/wr2,219,0,78
1734541136110,23,Home/home/notice-137,200,OK,Sample100 2-61,text,true,,3583,478,1,2,https://cse.buet.ac.bd/home/notice,22,0,0
1734541136133,224,notice100/wr2-56,200,OK,Sample100 2-61,text,false,"The operation lasted too long: It took 224 milliseconds, but should not have lasted longer than 155 milliseconds.",231,477,1,2,http://o.pki.goog/wr2,224,0,81
1734541137096,30,Home/home/notice-137,200,OK,Sample100 2-62,text,true,,3583,478,1,1,https://cse.buet.ac.bd/home/notice,29,0,0
1734541137126,236,notice100/wr2-56,200,OK,Sample100 2-62,text,false,"The operation lasted too long: It took 236 milliseconds, but should not have lasted longer than 155 milliseconds.",231,477,1,1,http://o.pki.goog/wr2,236,0,84
1734541138087,22,Home/home/notice-137,200,OK,Sample100 2-63,text,true,,3583,478,1,2,https://cse.buet.ac.bd/home/notice,21,0,0
1734541138110,238,notice100/wr2-56,200,OK,Sample100 2-63,text,false,"The operation lasted too long: It took 238 milliseconds, but should not have lasted longer than 155 milliseconds.",231,477,1,2,http://o.pki.goog/wr2,238,0,84
1734541139093,24,Home/home/notice-137,200,OK,Sample100 2-64,text,true,,3583,478,1,1,https://cse.buet.ac.bd/home/notice,24,0,0
1734541139118,248,notice100/wr2-56,200,OK,Sample100 2-64,text,false,"The operation lasted too long: It took 248 milliseconds, but should not have lasted longer than 155 milliseconds.",231,477,1,1,http://o.pki.goog/wr2,248,0,91
1734541140119,23,Home/home/notice-137,200,OK,Sample100 2-65,text,true,,3583,478,1,2,https://cse.buet.ac.bd/home/notice,23,0,0
1734541140143,237,notice100/wr2-56,200,OK,Sample100 2-65,text,false,"The operation lasted too long: It took 237 milliseconds, but should not have lasted longer than 155 milliseconds.",231,477,1,2,http://o.pki.goog/wr2,237,0,84
1734541141101,12,Home/home/notice-137,200,OK,Sample100 2-66,text,true,,3583,478,1,1,https://cse.buet.ac.bd/home/notice,12,0,0
1734541141114,218,notice100/wr2-56,200,OK,Sample100 2-66,text,false,"The operation lasted too long: It took 218 milliseconds, but should not have lasted longer than 155 milliseconds.",231,477,1,1,http://o.pki.goog/wr2,218,0,78
1734541142111,23,Home/home/notice-137,200,OK,Sample100 2-67,text,true,,3583,478,1,2,https://cse.buet.ac.bd/home/notice,23,0,0
1734541142135,233,notice100/wr2-56,200,OK,Sample100 2-67,text,false,"The operation lasted too long: It took 233 milliseconds, but should not have lasted longer than 155 milliseconds.",231,477,1,2,http://o.pki.goog/wr2,233,0,81
1734541143107,24,Home/home/notice-137,200,OK,Sample100 2-68,text,true,,3583,478,1,1,https://cse.buet.ac.bd/home/notice,24,0,0
1734541143132,252,notice100/wr2-56,200,OK,Sample100 2-68,text,false,"The operation lasted too long: It took 252 milliseconds, but should not have lasted longer than 155 milliseconds.",231,477,1,1,http://o.pki.goog/wr2,252,0,94
1734541144099,23,Home/home/notice-137,200,OK,Sample100 2-69,text,true,,3583,478,1,2,https://cse.buet.ac.bd/home/notice,23,0,0
1734541144124,253,notice100/wr2-56,200,OK,Sample100 2-69,text,false,"The operation lasted too long: It took 253 milliseconds, but should not have lasted longer than 155 milliseconds.",231,477,1,2,http://o.pki.goog/wr2,253,0,94
1734541145088,18,Home/home/notice-137,200,OK,Sample100 2-70,text,true,,3583,478,1,1,https://cse.buet.ac.bd/home/notice,17,0,0
1734541145106,219,notice100/wr2-56,200,OK,Sample100 2-70,text,false,"The operation lasted too long: It took 219 milliseconds, but should not have lasted longer than 155 milliseconds.",231,477,1,1,http://o.pki.goog/wr2,219,0,77
1734541146111,20,Home/home/notice-137,200,OK,Sample100 2-71,text,true,,3583,478,1,2,https://cse.buet.ac.bd/home/notice,20,0,0
1734541146132,310,notice100/wr2-56,200,OK,Sample100 2-71,text,false,"The operation lasted too long: It took 310 milliseconds, but should not have lasted longer than 155 milliseconds.",231,477,1,2,http://o.pki.goog/wr2,310,0,84
1734541147093,30,Home/home/notice-137,200,OK,Sample100 2-72,text,true,,3583,478,1,1,https://cse.buet.ac.bd/home/notice,30,0,0
1734541147123,222,notice100/wr2-56,200,OK,Sample100 2-72,text,false,"The operation lasted too long: It took 222 milliseconds, but should not have lasted longer than 155 milliseconds.",231,477,1,1,http://o.pki.goog/wr2,222,0,78
1734541148105,30,Home/home/notice-137,200,OK,Sample100 2-73,text,true,,3583,478,1,2,https://cse.buet.ac.bd/home/notice,29,0,0
1734541148135,217,notice100/wr2-56,200,OK,Sample100 2-73,text,false,"The operation lasted too long: It took 217 milliseconds, but should not have lasted longer than 155 milliseconds.",231,477,1,2,http://o.pki.goog/wr2,217,0,78
1734541149093,24,Home/home/notice-137,200,OK,Sample100 2-74,text,true,,3583,478,1,1,https://cse.buet.ac.bd/home/notice,24,0,0
1734541149118,224,notice100/wr2-56,200,OK,Sample100 2-74,text,false,"The operation lasted too long: It took 224 milliseconds, but should not have lasted longer than 155 milliseconds.",231,477,1,1,http://o.pki.goog/wr2,224,0,77
1734541150081,22,Home/home/notice-137,200,OK,Sample100 2-75,text,true,,3583,478,1,2,https://cse.buet.ac.bd/home/notice,22,0,0
1734541150104,221,notice100/wr2-56,200,OK,Sample100 2-75,text,false,"The operation lasted too long: It took 221 milliseconds, but should not have lasted longer than 155 milliseconds.",231,477,1,2,http://o.pki.goog/wr2,221,0,76
1734541151094,23,Home/home/notice-137,200,OK,Sample100 2-76,text,true,,3583,478,1,1,https://cse.buet.ac.bd/home/notice,23,0,0
1734541151118,283,notice100/wr2-56,200,OK,Sample100 2-76,text,false,"The operation lasted too long: It took 283 milliseconds, but should not have lasted longer than 155 milliseconds.",231,477,1,1,http://o.pki.goog/wr2,283,0,80
1734541152092,23,Home/home/notice-137,200,OK,Sample100 2-77,text,true,,3583,478,1,2,https://cse.buet.ac.bd/home/notice,23,0,0
1734541152116,221,notice100/wr2-56,200,OK,Sample100 2-77,text,false,"The operation lasted too long: It took 221 milliseconds, but should not have lasted longer than 155 milliseconds.",231,477,1,2,http://o.pki.goog/wr2,221,0,79
1734541153078,23,Home/home/notice-137,200,OK,Sample100 2-78,text,true,,3583,478,1,1,https://cse.buet.ac.bd/home/notice,23,0,0
1734541153102,238,notice100/wr2-56,200,OK,Sample100 2-78,text,false,"The operation lasted too long: It took 238 milliseconds, but should not have lasted longer than 155 milliseconds.",231,477,1,1,http://o.pki.goog/wr2,238,0,83
1734541154083,16,Home/home/notice-137,200,OK,Sample100 2-79,text,true,,3583,478,1,2,https://cse.buet.ac.bd/home/notice,16,0,0
1734541154100,232,notice100/wr2-56,200,OK,Sample100 2-79,text,false,"The operation lasted too long: It took 232 milliseconds, but should not have lasted longer than 155 milliseconds.",231,477,1,2,http://o.pki.goog/wr2,232,0,80
1734541155095,29,Home/home/notice-137,200,OK,Sample100 2-80,text,true,,3583,478,1,1,https://cse.buet.ac.bd/home/notice,28,0,0
1734541155124,239,notice100/wr2-56,200,OK,Sample100 2-80,text,false,"The operation lasted too long: It took 239 milliseconds, but should not have lasted longer than 155 milliseconds.",231,477,1,1,http://o.pki.goog/wr2,239,0,85
1734541156090,16,Home/home/notice-137,200,OK,Sample100 2-81,text,true,,3583,478,1,2,https://cse.buet.ac.bd/home/notice,16,0,0
1734541156107,228,notice100/wr2-56,200,OK,Sample100 2-81,text,false,"The operation lasted too long: It took 228 milliseconds, but should not have lasted longer than 155 milliseconds.",231,477,1,2,http://o.pki.goog/wr2,228,0,79
1734541157089,23,Home/home/notice-137,200,OK,Sample100 2-82,text,true,,3583,478,1,1,https://cse.buet.ac.bd/home/notice,23,0,0
1734541157113,228,notice100/wr2-56,200,OK,Sample100 2-82,text,false,"The operation lasted too long: It took 228 milliseconds, but should not have lasted longer than 155 milliseconds.",231,477,1,1,http://o.pki.goog/wr2,228,0,80
1734541158090,14,Home/home/notice-137,200,OK,Sample100 2-83,text,true,,3583,478,1,2,https://cse.buet.ac.bd/home/notice,14,0,0
1734541158105,287,notice100/wr2-56,200,OK,Sample100 2-83,text,false,"The operation lasted too long: It took 287 milliseconds, but should not have lasted longer than 155 milliseconds.",231,477,1,2,http://o.pki.goog/wr2,287,0,78
1734541159083,20,Home/home/notice-137,200,OK,Sample100 2-84,text,true,,3583,478,1,1,https://cse.buet.ac.bd/home/notice,20,0,0
1734541159104,228,notice100/wr2-56,200,OK,Sample100 2-84,text,false,"The operation lasted too long: It took 228 milliseconds, but should not have lasted longer than 155 milliseconds.",231,477,1,1,http://o.pki.goog/wr2,228,0,81
1734541160088,18,Home/home/notice-137,200,OK,Sample100 2-85,text,true,,3583,478,1,2,https://cse.buet.ac.bd/home/notice,18,0,0
1734541160106,233,notice100/wr2-56,200,OK,Sample100 2-85,text,false,"The operation lasted too long: It took 233 milliseconds, but should not have lasted longer than 155 milliseconds.",231,477,1,2,http://o.pki.goog/wr2,233,0,82
1734541161103,12,Home/home/notice-137,200,OK,Sample100 2-86,text,true,,3583,478,1,1,https://cse.buet.ac.bd/home/notice,12,0,0
1734541161116,214,notice100/wr2-56,200,OK,Sample100 2-86,text,false,"The operation lasted too long: It took 214 milliseconds, but should not have lasted longer than 155 milliseconds.",231,477,1,1,http://o.pki.goog/wr2,214,0,75
1734541162089,16,Home/home/notice-137,200,OK,Sample100 2-87,text,true,,3583,478,1,2,https://cse.buet.ac.bd/home/notice,16,0,0
1734541162106,223,notice100/wr2-56,200,OK,Sample100 2-87,text,false,"The operation lasted too long: It took 223 milliseconds, but should not have lasted longer than 155 milliseconds.",231,477,1,2,http://o.pki.goog/wr2,223,0,77
1734541163095,24,Home/home/notice-137,200,OK,Sample100 2-88,text,true,,3583,478,1,1,https://cse.buet.ac.bd/home/notice,24,0,0
1734541163120,218,notice100/wr2-56,200,OK,Sample100 2-88,text,false,"The operation lasted too long: It took 218 milliseconds, but should not have lasted longer than 155 milliseconds.",231,477,1,1,http://o.pki.goog/wr2,218,0,77
1734541164097,21,Home/home/notice-137,200,OK,Sample100 2-89,text,true,,3583,478,1,2,https://cse.buet.ac.bd/home/notice,21,0,0
1734541164118,229,notice100/wr2-56,200,OK,Sample100 2-89,text,false,"The operation lasted too long: It took 229 milliseconds, but should not have lasted longer than 155 milliseconds.",231,477,1,2,http://o.pki.goog/wr2,229,0,85
1734541165090,14,Home/home/notice-137,200,OK,Sample100 2-90,text,true,,3583,478,1,2,https://cse.buet.ac.bd/home/notice,14,0,0
1734541165105,223,notice100/wr2-56,200,OK,Sample100 2-90,text,false,"The operation lasted too long: It took 223 milliseconds, but should not have lasted longer than 155 milliseconds.",231,477,1,2,http://o.pki.goog/wr2,223,0,77
1734541166103,16,Home/home/notice-137,200,OK,Sample100 2-91,text,true,,3583,478,1,2,https://cse.buet.ac.bd/home/notice,16,0,0
1734541166120,218,notice100/wr2-56,200,OK,Sample100 2-91,text,false,"The operation lasted too long: It took 218 milliseconds, but should not have lasted longer than 155 milliseconds.",231,477,1,2,http://o.pki.goog/wr2,218,0,77
1734541167144,19,Home/home/notice-137,200,OK,Sample100 2-92,text,true,,3583,478,1,1,https://cse.buet.ac.bd/home/notice,18,0,0
1734541167164,233,notice100/wr2-56,200,OK,Sample100 2-92,text,false,"The operation lasted too long: It took 233 milliseconds, but should not have lasted longer than 155 milliseconds.",231,477,1,1,http://o.pki.goog/wr2,233,0,85
1734541168121,17,Home/home/notice-137,200,OK,Sample100 2-93,text,true,,3583,478,1,2,https://cse.buet.ac.bd/home/notice,16,0,0
1734541168138,217,notice100/wr2-56,200,OK,Sample100 2-93,text,false,"The operation lasted too long: It took 217 milliseconds, but should not have lasted longer than 155 milliseconds.",231,477,1,2,http://o.pki.goog/wr2,217,0,77
1734541169179,14,Home/home/notice-137,200,OK,Sample100 2-94,text,true,,3583,478,1,1,https://cse.buet.ac.bd/home/notice,14,0,0
1734541169194,219,notice100/wr2-56,200,OK,Sample100 2-94,text,false,"The operation lasted too long: It took 219 milliseconds, but should not have lasted longer than 155 milliseconds.",231,477,1,1,http://o.pki.goog/wr2,219,0,77
1734541170092,21,Home/home/notice-137,200,OK,Sample100 2-95,text,true,,3583,478,1,2,https://cse.buet.ac.bd/home/notice,20,0,0
1734541170114,218,notice100/wr2-56,200,OK,Sample100 2-95,text,false,"The operation lasted too long: It took 218 milliseconds, but should not have lasted longer than 155 milliseconds.",231,477,1,2,http://o.pki.goog/wr2,218,0,77
1734541171099,16,Home/home/notice-137,200,OK,Sample100 2-96,text,true,,3583,478,1,1,https://cse.buet.ac.bd/home/notice,15,0,0
1734541171115,218,notice100/wr2-56,200,OK,Sample100 2-96,text,false,"The operation lasted too long: It took 218 milliseconds, but should not have lasted longer than 155 milliseconds.",231,477,1,1,http://o.pki.goog/wr2,218,0,76
1734541172088,18,Home/home/notice-137,200,OK,Sample100 2-97,text,true,,3583,478,1,2,https://cse.buet.ac.bd/home/notice,17,0,0
1734541172107,287,notice100/wr2-56,200,OK,Sample100 2-97,text,false,"The operation lasted too long: It took 287 milliseconds, but should not have lasted longer than 155 milliseconds.",231,477,1,2,http://o.pki.goog/wr2,287,0,81
1734541173149,278,Home/home/notice-137,200,OK,Sample100 2-98,text,false,"The operation lasted too long: It took 278 milliseconds, but should not have lasted longer than 155 milliseconds.",3583,478,1,1,https://cse.buet.ac.bd/home/notice,277,0,0
1734541173428,251,notice100/wr2-56,200,OK,Sample100 2-98,text,false,"The operation lasted too long: It took 251 milliseconds, but should not have lasted longer than 155 milliseconds.",231,477,1,1,http://o.pki.goog/wr2,251,0,100
1734541174083,17,Home/home/notice-137,200,OK,Sample100 2-99,text,true,,3583,478,1,2,https://cse.buet.ac.bd/home/notice,16,0,0
1734541174100,231,notice100/wr2-56,200,OK,Sample100 2-99,text,false,"The operation lasted too long: It took 231 milliseconds, but should not have lasted longer than 155 milliseconds.",231,477,1,2,http://o.pki.goog/wr2,231,0,76
1734541175102,23,Home/home/notice-137,200,OK,Sample100 2-100,text,true,,3583,478,1,1,https://cse.buet.ac.bd/home/notice,21,0,0
1734541175126,231,notice100/wr2-56,200,OK,Sample100 2-100,text,false,"The operation lasted too long: It took 231 milliseconds, but should not have lasted longer than 155 milliseconds.",231,477,1,1,http://o.pki.goog/wr2,231,0,82
