timeStamp,elapsed,label,responseCode,responseMessage,threadName,dataType,success,failureMessage,bytes,sentBytes,grpThreads,allThreads,URL,Latency,IdleTime,Connect
1734541075900,243,Moodle50/wr2-48,200,OK,Sample50 1-1,text,false,"The operation lasted too long: It took 243 milliseconds, but should not have lasted longer than 196 milliseconds.",231,477,1,2,http://o.pki.goog/wr2,243,0,87
1734541076144,184,Moodle50/canonical.html-49,200,OK,Sample50 1-1,text,true,,298,303,1,2,http://detectportal.firefox.com/canonical.html,184,0,120
1734541076328,58,Moodle50/success.txt-51,200,OK,Sample50 1-1,text,true,,216,320,1,1,http://detectportal.firefox.com/success.txt?ipv6,58,0,0
1734541076387,57,Moodle50/success.txt-50,200,OK,Sample50 1-1,text,true,,216,320,1,1,http://detectportal.firefox.com/success.txt?ipv4,57,0,0
1734541076445,72,Home/home-127,200,OK,Sample50 1-1,text,true,,7497,512,1,1,https://cse.buet.ac.bd/home,71,0,31
1734541076517,143,Home50/wr2-52,200,OK,Sample50 1-1,text,true,,231,477,1,1,http://o.pki.goog/wr2,143,0,0
1734541076660,31,Home/home/notice-137,200,OK,Sample50 1-1,text,true,,3583,478,1,1,https://cse.buet.ac.bd/home/notice,31,0,0
1734541076692,60,Notice50/canonical.html-53,200,OK,Sample50 1-1,text,true,,298,303,1,1,http://detectportal.firefox.com/canonical.html,60,0,0
1734541076752,58,Notice50/success.txt-54,200,OK,Sample50 1-1,text,true,,216,320,1,1,http://detectportal.firefox.com/success.txt?ipv4,58,0,0
1734541076810,57,Notice50/success.txt-55,200,OK,Sample50 1-1,text,true,,216,320,1,1,http://detectportal.firefox.com/success.txt?ipv6,57,0,0
1734541077901,241,Moodle50/wr2-48,200,OK,Sample50 1-2,text,false,"The operation lasted too long: It took 241 milliseconds, but should not have lasted longer than 196 milliseconds.",231,477,1,2,http://o.pki.goog/wr2,241,0,93
1734541078142,123,Moodle50/canonical.html-49,200,OK,Sample50 1-2,text,true,,298,303,1,2,http://detectportal.firefox.com/canonical.html,123,0,62
1734541078265,60,Moodle50/success.txt-51,200,OK,Sample50 1-2,text,true,,216,320,1,2,http://detectportal.firefox.com/success.txt?ipv6,60,0,0
1734541078325,57,Moodle50/success.txt-50,200,OK,Sample50 1-2,text,true,,216,320,1,1,http://detectportal.firefox.com/success.txt?ipv4,57,0,0
1734541078382,66,Home/home-127,200,OK,Sample50 1-2,text,true,,7497,512,1,1,https://cse.buet.ac.bd/home,66,0,41
1734541078449,150,Home50/wr2-52,200,OK,Sample50 1-2,text,true,,231,477,1,1,http://o.pki.goog/wr2,150,0,0
1734541078599,25,Home/home/notice-137,200,OK,Sample50 1-2,text,true,,3583,478,1,1,https://cse.buet.ac.bd/home/notice,25,0,0
1734541078624,76,Notice50/canonical.html-53,200,OK,Sample50 1-2,text,true,,298,303,1,1,http://detectportal.firefox.com/canonical.html,76,0,0
1734541078700,71,Notice50/success.txt-54,200,OK,Sample50 1-2,text,true,,216,320,1,1,http://detectportal.firefox.com/success.txt?ipv4,71,0,0
1734541078772,63,Notice50/success.txt-55,200,OK,Sample50 1-2,text,true,,216,320,1,1,http://detectportal.firefox.com/success.txt?ipv6,63,0,0
1734541079902,231,Moodle50/wr2-48,200,OK,Sample50 1-3,text,false,"The operation lasted too long: It took 231 milliseconds, but should not have lasted longer than 196 milliseconds.",231,477,1,2,http://o.pki.goog/wr2,231,0,90
1734541080133,111,Moodle50/canonical.html-49,200,OK,Sample50 1-3,text,true,,298,303,1,2,http://detectportal.firefox.com/canonical.html,111,0,58
1734541080245,53,Moodle50/success.txt-51,200,OK,Sample50 1-3,text,true,,216,320,1,2,http://detectportal.firefox.com/success.txt?ipv6,53,0,0
1734541080299,57,Moodle50/success.txt-50,200,OK,Sample50 1-3,text,true,,216,320,1,2,http://detectportal.firefox.com/success.txt?ipv4,57,0,0
1734541080356,50,Home/home-127,200,OK,Sample50 1-3,text,true,,7497,512,1,2,https://cse.buet.ac.bd/home,49,0,20
1734541080406,139,Home50/wr2-52,200,OK,Sample50 1-3,text,true,,231,477,1,1,http://o.pki.goog/wr2,139,0,0
1734541080545,30,Home/home/notice-137,200,OK,Sample50 1-3,text,true,,3583,478,1,1,https://cse.buet.ac.bd/home/notice,30,0,0
1734541080576,55,Notice50/canonical.html-53,200,OK,Sample50 1-3,text,true,,298,303,1,1,http://detectportal.firefox.com/canonical.html,55,0,0
1734541080632,56,Notice50/success.txt-54,200,OK,Sample50 1-3,text,true,,216,320,1,1,http://detectportal.firefox.com/success.txt?ipv4,56,0,0
1734541080689,57,Notice50/success.txt-55,200,OK,Sample50 1-3,text,true,,216,320,1,1,http://detectportal.firefox.com/success.txt?ipv6,57,0,0
1734541081900,225,Moodle50/wr2-48,200,OK,Sample50 1-4,text,false,"The operation lasted too long: It took 225 milliseconds, but should not have lasted longer than 196 milliseconds.",231,477,1,2,http://o.pki.goog/wr2,225,0,80
1734541082126,127,Moodle50/canonical.html-49,200,OK,Sample50 1-4,text,true,,298,303,1,2,http://detectportal.firefox.com/canonical.html,127,0,68
1734541082253,59,Moodle50/success.txt-51,200,OK,Sample50 1-4,text,true,,216,320,1,2,http://detectportal.firefox.com/success.txt?ipv6,59,0,0
1734541082312,63,Moodle50/success.txt-50,200,OK,Sample50 1-4,text,true,,216,320,1,2,http://detectportal.firefox.com/success.txt?ipv4,63,0,0
1734541082376,42,Home/home-127,200,OK,Sample50 1-4,text,true,,7497,512,1,2,https://cse.buet.ac.bd/home,42,0,12
1734541082418,145,Home50/wr2-52,200,OK,Sample50 1-4,text,true,,231,477,1,2,http://o.pki.goog/wr2,145,0,0
1734541082563,27,Home/home/notice-137,200,OK,Sample50 1-4,text,true,,3583,478,1,2,https://cse.buet.ac.bd/home/notice,27,0,0
1734541082590,58,Notice50/canonical.html-53,200,OK,Sample50 1-4,text,true,,298,303,1,2,http://detectportal.firefox.com/canonical.html,58,0,0
1734541082648,70,Notice50/success.txt-54,200,OK,Sample50 1-4,text,true,,216,320,1,2,http://detectportal.firefox.com/success.txt?ipv4,70,0,0
1734541082718,68,Notice50/success.txt-55,200,OK,Sample50 1-4,text,true,,216,320,1,1,http://detectportal.firefox.com/success.txt?ipv6,68,0,0
1734541083899,246,Moodle50/wr2-48,200,OK,Sample50 1-5,text,false,"The operation lasted too long: It took 246 milliseconds, but should not have lasted longer than 196 milliseconds.",231,477,1,2,http://o.pki.goog/wr2,246,0,88
1734541084146,127,Moodle50/canonical.html-49,200,OK,Sample50 1-5,text,true,,298,303,1,2,http://detectportal.firefox.com/canonical.html,127,0,65
1734541084273,61,Moodle50/success.txt-51,200,OK,Sample50 1-5,text,true,,216,320,1,2,http://detectportal.firefox.com/success.txt?ipv6,61,0,0
1734541084334,57,Moodle50/success.txt-50,200,OK,Sample50 1-5,text,true,,216,320,1,2,http://detectportal.firefox.com/success.txt?ipv4,57,0,0
1734541084391,40,Home/home-127,200,OK,Sample50 1-5,text,true,,7497,512,1,2,https://cse.buet.ac.bd/home,40,0,16
1734541084432,148,Home50/wr2-52,200,OK,Sample50 1-5,text,true,,231,477,1,2,http://o.pki.goog/wr2,148,0,0
1734541084580,22,Home/home/notice-137,200,OK,Sample50 1-5,text,true,,3583,478,1,2,https://cse.buet.ac.bd/home/notice,22,0,0
1734541084602,62,Notice50/canonical.html-53,200,OK,Sample50 1-5,text,true,,298,303,1,2,http://detectportal.firefox.com/canonical.html,62,0,0
1734541084664,63,Notice50/success.txt-54,200,OK,Sample50 1-5,text,true,,216,320,1,2,http://detectportal.firefox.com/success.txt?ipv4,63,0,0
1734541084727,57,Notice50/success.txt-55,200,OK,Sample50 1-5,text,true,,216,320,1,2,http://detectportal.firefox.com/success.txt?ipv6,57,0,0
1734541085914,229,Moodle50/wr2-48,200,OK,Sample50 1-6,text,false,"The operation lasted too long: It took 229 milliseconds, but should not have lasted longer than 196 milliseconds.",231,477,1,2,http://o.pki.goog/wr2,229,0,85
1734541086144,117,Moodle50/canonical.html-49,200,OK,Sample50 1-6,text,true,,298,303,1,2,http://detectportal.firefox.com/canonical.html,117,0,56
1734541086261,57,Moodle50/success.txt-51,200,OK,Sample50 1-6,text,true,,216,320,1,1,http://detectportal.firefox.com/success.txt?ipv6,57,0,0
1734541086318,54,Moodle50/success.txt-50,200,OK,Sample50 1-6,text,true,,216,320,1,1,http://detectportal.firefox.com/success.txt?ipv4,54,0,0
1734541086372,42,Home/home-127,200,OK,Sample50 1-6,text,true,,7497,512,1,1,https://cse.buet.ac.bd/home,42,0,15
1734541086414,143,Home50/wr2-52,200,OK,Sample50 1-6,text,true,,231,477,1,1,http://o.pki.goog/wr2,143,0,0
1734541086557,24,Home/home/notice-137,200,OK,Sample50 1-6,text,true,,3583,478,1,1,https://cse.buet.ac.bd/home/notice,24,0,0
1734541086582,55,Notice50/canonical.html-53,200,OK,Sample50 1-6,text,true,,298,303,1,1,http://detectportal.firefox.com/canonical.html,55,0,0
1734541086637,55,Notice50/success.txt-54,200,OK,Sample50 1-6,text,true,,216,320,1,1,http://detectportal.firefox.com/success.txt?ipv4,55,0,0
1734541086692,58,Notice50/success.txt-55,200,OK,Sample50 1-6,text,true,,216,320,1,1,http://detectportal.firefox.com/success.txt?ipv6,58,0,0
1734541087901,241,Moodle50/wr2-48,200,OK,Sample50 1-7,text,false,"The operation lasted too long: It took 241 milliseconds, but should not have lasted longer than 196 milliseconds.",231,477,1,2,http://o.pki.goog/wr2,241,0,86
1734541088143,121,Moodle50/canonical.html-49,200,OK,Sample50 1-7,text,true,,298,303,1,2,http://detectportal.firefox.com/canonical.html,121,0,62
1734541088264,58,Moodle50/success.txt-51,200,OK,Sample50 1-7,text,true,,216,320,1,2,http://detectportal.firefox.com/success.txt?ipv6,58,0,0
1734541088322,63,Moodle50/success.txt-50,200,OK,Sample50 1-7,text,true,,216,320,1,1,http://detectportal.firefox.com/success.txt?ipv4,63,0,0
1734541088386,35,Home/home-127,200,OK,Sample50 1-7,text,true,,7497,512,1,1,https://cse.buet.ac.bd/home,35,0,16
1734541088421,154,Home50/wr2-52,200,OK,Sample50 1-7,text,true,,231,477,1,1,http://o.pki.goog/wr2,154,0,0
1734541088575,28,Home/home/notice-137,200,OK,Sample50 1-7,text,true,,3583,478,1,1,https://cse.buet.ac.bd/home/notice,28,0,0
1734541088603,60,Notice50/canonical.html-53,200,OK,Sample50 1-7,text,true,,298,303,1,1,http://detectportal.firefox.com/canonical.html,60,0,0
1734541088663,67,Notice50/success.txt-54,200,OK,Sample50 1-7,text,true,,216,320,1,1,http://detectportal.firefox.com/success.txt?ipv4,67,0,0
1734541088730,65,Notice50/success.txt-55,200,OK,Sample50 1-7,text,true,,216,320,1,1,http://detectportal.firefox.com/success.txt?ipv6,65,0,0
1734541089901,237,Moodle50/wr2-48,200,OK,Sample50 1-8,text,false,"The operation lasted too long: It took 237 milliseconds, but should not have lasted longer than 196 milliseconds.",231,477,1,2,http://o.pki.goog/wr2,237,0,87
1734541090139,120,Moodle50/canonical.html-49,200,OK,Sample50 1-8,text,true,,298,303,1,2,http://detectportal.firefox.com/canonical.html,120,0,60
1734541090259,56,Moodle50/success.txt-51,200,OK,Sample50 1-8,text,true,,216,320,1,2,http://detectportal.firefox.com/success.txt?ipv6,56,0,0
1734541090315,54,Moodle50/success.txt-50,200,OK,Sample50 1-8,text,true,,216,320,1,1,http://detectportal.firefox.com/success.txt?ipv4,54,0,0
1734541090370,35,Home/home-127,200,OK,Sample50 1-8,text,true,,7497,512,1,1,https://cse.buet.ac.bd/home,34,0,13
1734541090405,142,Home50/wr2-52,200,OK,Sample50 1-8,text,true,,231,477,1,1,http://o.pki.goog/wr2,142,0,0
1734541090548,25,Home/home/notice-137,200,OK,Sample50 1-8,text,true,,3583,478,1,1,https://cse.buet.ac.bd/home/notice,25,0,0
1734541090573,57,Notice50/canonical.html-53,200,OK,Sample50 1-8,text,true,,298,303,1,1,http://detectportal.firefox.com/canonical.html,57,0,0
1734541090630,61,Notice50/success.txt-54,200,OK,Sample50 1-8,text,true,,216,320,1,1,http://detectportal.firefox.com/success.txt?ipv4,61,0,0
1734541090692,54,Notice50/success.txt-55,200,OK,Sample50 1-8,text,true,,216,320,1,1,http://detectportal.firefox.com/success.txt?ipv6,54,0,0
1734541091901,275,Moodle50/wr2-48,200,OK,Sample50 1-9,text,false,"The operation lasted too long: It took 275 milliseconds, but should not have lasted longer than 196 milliseconds.",231,477,1,2,http://o.pki.goog/wr2,275,0,105
1734541092177,167,Moodle50/canonical.html-49,200,OK,Sample50 1-9,text,true,,298,303,1,2,http://detectportal.firefox.com/canonical.html,167,0,90
1734541092344,70,Moodle50/success.txt-51,200,OK,Sample50 1-9,text,true,,216,320,1,2,http://detectportal.firefox.com/success.txt?ipv6,70,0,0
1734541092415,66,Moodle50/success.txt-50,200,OK,Sample50 1-9,text,true,,216,320,1,2,http://detectportal.firefox.com/success.txt?ipv4,66,0,0
1734541092482,51,Home/home-127,200,OK,Sample50 1-9,text,true,,7497,512,1,1,https://cse.buet.ac.bd/home,51,0,19
1734541092534,150,Home50/wr2-52,200,OK,Sample50 1-9,text,true,,231,477,1,1,http://o.pki.goog/wr2,150,0,0
1734541092684,33,Home/home/notice-137,200,OK,Sample50 1-9,text,true,,3583,478,1,1,https://cse.buet.ac.bd/home/notice,32,0,0
1734541092717,55,Notice50/canonical.html-53,200,OK,Sample50 1-9,text,true,,298,303,1,1,http://detectportal.firefox.com/canonical.html,55,0,0
1734541092772,53,Notice50/success.txt-54,200,OK,Sample50 1-9,text,true,,216,320,1,1,http://detectportal.firefox.com/success.txt?ipv4,53,0,0
1734541092826,57,Notice50/success.txt-55,200,OK,Sample50 1-9,text,true,,216,320,1,1,http://detectportal.firefox.com/success.txt?ipv6,57,0,0
1734541093901,240,Moodle50/wr2-48,200,OK,Sample50 1-10,text,false,"The operation lasted too long: It took 240 milliseconds, but should not have lasted longer than 196 milliseconds.",231,477,1,2,http://o.pki.goog/wr2,240,0,82
1734541094141,117,Moodle50/canonical.html-49,200,OK,Sample50 1-10,text,true,,298,303,1,2,http://detectportal.firefox.com/canonical.html,117,0,61
1734541094258,76,Moodle50/success.txt-51,200,OK,Sample50 1-10,text,true,,216,320,1,2,http://detectportal.firefox.com/success.txt?ipv6,76,0,0
1734541094335,57,Moodle50/success.txt-50,200,OK,Sample50 1-10,text,true,,216,320,1,1,http://detectportal.firefox.com/success.txt?ipv4,57,0,0
1734541094392,44,Home/home-127,200,OK,Sample50 1-10,text,true,,7497,512,1,1,https://cse.buet.ac.bd/home,44,0,18
1734541094436,137,Home50/wr2-52,200,OK,Sample50 1-10,text,true,,231,477,1,1,http://o.pki.goog/wr2,137,0,0
1734541094574,23,Home/home/notice-137,200,OK,Sample50 1-10,text,true,,3583,478,1,1,https://cse.buet.ac.bd/home/notice,23,0,0
1734541094598,56,Notice50/canonical.html-53,200,OK,Sample50 1-10,text,true,,298,303,1,1,http://detectportal.firefox.com/canonical.html,56,0,0
1734541094654,57,Notice50/success.txt-54,200,OK,Sample50 1-10,text,true,,216,320,1,1,http://detectportal.firefox.com/success.txt?ipv4,57,0,0
1734541094712,56,Notice50/success.txt-55,200,OK,Sample50 1-10,text,true,,216,320,1,1,http://detectportal.firefox.com/success.txt?ipv6,56,0,0
1734541095900,249,Moodle50/wr2-48,200,OK,Sample50 1-11,text,false,"The operation lasted too long: It took 249 milliseconds, but should not have lasted longer than 196 milliseconds.",231,477,1,2,http://o.pki.goog/wr2,249,0,99
1734541096150,137,Moodle50/canonical.html-49,200,OK,Sample50 1-11,text,true,,298,303,1,2,http://detectportal.firefox.com/canonical.html,137,0,65
1734541096287,61,Moodle50/success.txt-51,200,OK,Sample50 1-11,text,true,,216,320,1,2,http://detectportal.firefox.com/success.txt?ipv6,61,0,0
1734541096348,71,Moodle50/success.txt-50,200,OK,Sample50 1-11,text,true,,216,320,1,2,http://detectportal.firefox.com/success.txt?ipv4,71,0,0
1734541096420,57,Home/home-127,200,OK,Sample50 1-11,text,true,,7497,512,1,2,https://cse.buet.ac.bd/home,56,0,23
1734541096477,144,Home50/wr2-52,200,OK,Sample50 1-11,text,true,,231,477,1,2,http://o.pki.goog/wr2,144,0,0
1734541096621,26,Home/home/notice-137,200,OK,Sample50 1-11,text,true,,3583,478,1,2,https://cse.buet.ac.bd/home/notice,26,0,0
1734541096647,63,Notice50/canonical.html-53,200,OK,Sample50 1-11,text,true,,298,303,1,1,http://detectportal.firefox.com/canonical.html,63,0,0
1734541096711,61,Notice50/success.txt-54,200,OK,Sample50 1-11,text,true,,216,320,1,1,http://detectportal.firefox.com/success.txt?ipv4,61,0,0
1734541096772,63,Notice50/success.txt-55,200,OK,Sample50 1-11,text,true,,216,320,1,1,http://detectportal.firefox.com/success.txt?ipv6,63,0,0
1734541097902,271,Moodle50/wr2-48,200,OK,Sample50 1-12,text,false,"The operation lasted too long: It took 271 milliseconds, but should not have lasted longer than 196 milliseconds.",231,477,1,2,http://o.pki.goog/wr2,271,0,99
1734541098174,154,Moodle50/canonical.html-49,200,OK,Sample50 1-12,text,true,,298,303,1,2,http://detectportal.firefox.com/canonical.html,154,0,81
1734541098328,78,Moodle50/success.txt-51,200,OK,Sample50 1-12,text,true,,216,320,1,2,http://detectportal.firefox.com/success.txt?ipv6,78,0,0
1734541098406,71,Moodle50/success.txt-50,200,OK,Sample50 1-12,text,true,,216,320,1,1,http://detectportal.firefox.com/success.txt?ipv4,71,0,0
1734541098478,43,Home/home-127,200,OK,Sample50 1-12,text,true,,7497,512,1,1,https://cse.buet.ac.bd/home,42,0,19
1734541098521,164,Home50/wr2-52,200,OK,Sample50 1-12,text,true,,231,477,1,1,http://o.pki.goog/wr2,164,0,0
1734541098685,28,Home/home/notice-137,200,OK,Sample50 1-12,text,true,,3583,478,1,1,https://cse.buet.ac.bd/home/notice,27,0,0
1734541098713,85,Notice50/canonical.html-53,200,OK,Sample50 1-12,text,true,,298,303,1,1,http://detectportal.firefox.com/canonical.html,85,0,0
1734541098798,81,Notice50/success.txt-54,200,OK,Sample50 1-12,text,true,,216,320,1,1,http://detectportal.firefox.com/success.txt?ipv4,81,0,0
1734541098879,82,Notice50/success.txt-55,200,OK,Sample50 1-12,text,true,,216,320,1,2,http://detectportal.firefox.com/success.txt?ipv6,82,0,0
1734541099903,309,Moodle50/wr2-48,200,OK,Sample50 1-13,text,false,"The operation lasted too long: It took 309 milliseconds, but should not have lasted longer than 196 milliseconds.",231,477,1,2,http://o.pki.goog/wr2,309,0,127
1734541100213,197,Moodle50/canonical.html-49,200,OK,Sample50 1-13,text,false,"The operation lasted too long: It took 197 milliseconds, but should not have lasted longer than 196 milliseconds.",298,303,1,2,http://detectportal.firefox.com/canonical.html,197,0,95
1734541100411,99,Moodle50/success.txt-51,200,OK,Sample50 1-13,text,true,,216,320,1,1,http://detectportal.firefox.com/success.txt?ipv6,99,0,0
1734541100510,101,Moodle50/success.txt-50,200,OK,Sample50 1-13,text,true,,216,320,1,1,http://detectportal.firefox.com/success.txt?ipv4,101,0,0
1734541100612,52,Home/home-127,200,OK,Sample50 1-13,text,true,,7497,512,1,1,https://cse.buet.ac.bd/home,52,0,24
1734541100664,288,Home50/wr2-52,200,OK,Sample50 1-13,text,false,"The operation lasted too long: It took 288 milliseconds, but should not have lasted longer than 190 milliseconds.",231,477,1,2,http://o.pki.goog/wr2,288,0,0
1734541100952,27,Home/home/notice-137,200,OK,Sample50 1-13,text,true,,3583,478,1,2,https://cse.buet.ac.bd/home/notice,27,0,0
1734541100980,75,Notice50/canonical.html-53,200,OK,Sample50 1-13,text,true,,298,303,1,2,http://detectportal.firefox.com/canonical.html,75,0,0
1734541101056,73,Notice50/success.txt-54,200,OK,Sample50 1-13,text,true,,216,320,1,2,http://detectportal.firefox.com/success.txt?ipv4,73,0,0
1734541101129,79,Notice50/success.txt-55,200,OK,Sample50 1-13,text,true,,216,320,1,2,http://detectportal.firefox.com/success.txt?ipv6,79,0,0
1734541101902,268,Moodle50/wr2-48,200,OK,Sample50 1-14,text,false,"The operation lasted too long: It took 268 milliseconds, but should not have lasted longer than 196 milliseconds.",231,477,1,2,http://o.pki.goog/wr2,268,0,100
1734541102171,160,Moodle50/canonical.html-49,200,OK,Sample50 1-14,text,true,,298,303,1,2,http://detectportal.firefox.com/canonical.html,160,0,78
1734541102331,74,Moodle50/success.txt-51,200,OK,Sample50 1-14,text,true,,216,320,1,1,http://detectportal.firefox.com/success.txt?ipv6,74,0,0
1734541102405,70,Moodle50/success.txt-50,200,OK,Sample50 1-14,text,true,,216,320,1,1,http://detectportal.firefox.com/success.txt?ipv4,70,0,0
1734541102476,44,Home/home-127,200,OK,Sample50 1-14,text,true,,7497,512,1,1,https://cse.buet.ac.bd/home,43,0,20
1734541102520,163,Home50/wr2-52,200,OK,Sample50 1-14,text,true,,231,477,1,1,http://o.pki.goog/wr2,163,0,0
1734541102683,32,Home/home/notice-137,200,OK,Sample50 1-14,text,true,,3583,478,1,1,https://cse.buet.ac.bd/home/notice,32,0,0
1734541102716,76,Notice50/canonical.html-53,200,OK,Sample50 1-14,text,true,,298,303,1,1,http://detectportal.firefox.com/canonical.html,76,0,0
1734541102793,74,Notice50/success.txt-54,200,OK,Sample50 1-14,text,true,,216,320,1,1,http://detectportal.firefox.com/success.txt?ipv4,74,0,0
1734541102867,81,Notice50/success.txt-55,200,OK,Sample50 1-14,text,true,,216,320,1,2,http://detectportal.firefox.com/success.txt?ipv6,81,0,0
1734541103901,256,Moodle50/wr2-48,200,OK,Sample50 1-15,text,false,"The operation lasted too long: It took 256 milliseconds, but should not have lasted longer than 196 milliseconds.",231,477,1,2,http://o.pki.goog/wr2,256,0,99
1734541104158,113,Moodle50/canonical.html-49,200,OK,Sample50 1-15,text,true,,298,303,1,2,http://detectportal.firefox.com/canonical.html,113,0,57
1734541104271,58,Moodle50/success.txt-51,200,OK,Sample50 1-15,text,true,,216,320,1,2,http://detectportal.firefox.com/success.txt?ipv6,58,0,0
1734541104329,60,Moodle50/success.txt-50,200,OK,Sample50 1-15,text,true,,216,320,1,1,http://detectportal.firefox.com/success.txt?ipv4,60,0,0
1734541104390,44,Home/home-127,200,OK,Sample50 1-15,text,true,,7497,512,1,1,https://cse.buet.ac.bd/home,44,0,17
1734541104435,488,Home50/wr2-52,200,OK,Sample50 1-15,text,false,"The operation lasted too long: It took 488 milliseconds, but should not have lasted longer than 190 milliseconds.",231,477,1,2,http://o.pki.goog/wr2,488,0,0
1734541104923,43,Home/home/notice-137,200,OK,Sample50 1-15,text,true,,3583,478,1,2,https://cse.buet.ac.bd/home/notice,43,0,0
1734541104966,56,Notice50/canonical.html-53,200,OK,Sample50 1-15,text,true,,298,303,1,2,http://detectportal.firefox.com/canonical.html,56,0,0
1734541105022,64,Notice50/success.txt-54,200,OK,Sample50 1-15,text,true,,216,320,1,2,http://detectportal.firefox.com/success.txt?ipv4,64,0,0
1734541105086,58,Notice50/success.txt-55,200,OK,Sample50 1-15,text,true,,216,320,1,2,http://detectportal.firefox.com/success.txt?ipv6,58,0,0
1734541105900,568,Moodle50/wr2-48,200,OK,Sample50 1-16,text,false,"The operation lasted too long: It took 568 milliseconds, but should not have lasted longer than 196 milliseconds.",231,477,1,2,http://o.pki.goog/wr2,568,0,91
1734541106469,136,Moodle50/canonical.html-49,200,OK,Sample50 1-16,text,true,,298,303,1,1,http://detectportal.firefox.com/canonical.html,136,0,75
1734541106605,62,Moodle50/success.txt-51,200,OK,Sample50 1-16,text,true,,216,320,1,1,http://detectportal.firefox.com/success.txt?ipv6,62,0,0
1734541106668,66,Moodle50/success.txt-50,200,OK,Sample50 1-16,text,true,,216,320,1,1,http://detectportal.firefox.com/success.txt?ipv4,66,0,0
1734541106735,48,Home/home-127,200,OK,Sample50 1-16,text,true,,7497,512,1,1,https://cse.buet.ac.bd/home,48,0,16
1734541106784,160,Home50/wr2-52,200,OK,Sample50 1-16,text,true,,231,477,1,2,http://o.pki.goog/wr2,160,0,0
1734541106944,23,Home/home/notice-137,200,OK,Sample50 1-16,text,true,,3583,478,1,2,https://cse.buet.ac.bd/home/notice,23,0,0
1734541106967,56,Notice50/canonical.html-53,200,OK,Sample50 1-16,text,true,,298,303,1,2,http://detectportal.firefox.com/canonical.html,56,0,0
1734541107023,62,Notice50/success.txt-54,200,OK,Sample50 1-16,text,true,,216,320,1,2,http://detectportal.firefox.com/success.txt?ipv4,62,0,0
1734541107085,57,Notice50/success.txt-55,200,OK,Sample50 1-16,text,true,,216,320,1,2,http://detectportal.firefox.com/success.txt?ipv6,57,0,0
1734541107899,221,Moodle50/wr2-48,200,OK,Sample50 1-17,text,false,"The operation lasted too long: It took 221 milliseconds, but should not have lasted longer than 196 milliseconds.",231,477,1,2,http://o.pki.goog/wr2,221,0,80
1734541108121,125,Moodle50/canonical.html-49,200,OK,Sample50 1-17,text,true,,298,303,1,2,http://detectportal.firefox.com/canonical.html,125,0,63
1734541108246,56,Moodle50/success.txt-51,200,OK,Sample50 1-17,text,true,,216,320,1,2,http://detectportal.firefox.com/success.txt?ipv6,56,0,0
1734541108303,56,Moodle50/success.txt-50,200,OK,Sample50 1-17,text,true,,216,320,1,1,http://detectportal.firefox.com/success.txt?ipv4,56,0,0
1734541108360,36,Home/home-127,200,OK,Sample50 1-17,text,true,,7497,512,1,1,https://cse.buet.ac.bd/home,36,0,13
1734541108397,149,Home50/wr2-52,200,OK,Sample50 1-17,text,true,,231,477,1,1,http://o.pki.goog/wr2,149,0,0
1734541108547,25,Home/home/notice-137,200,OK,Sample50 1-17,text,true,,3583,478,1,1,https://cse.buet.ac.bd/home/notice,25,0,0
1734541108572,57,Notice50/canonical.html-53,200,OK,Sample50 1-17,text,true,,298,303,1,1,http://detectportal.firefox.com/canonical.html,57,0,0
1734541108630,57,Notice50/success.txt-54,200,OK,Sample50 1-17,text,true,,216,320,1,1,http://detectportal.firefox.com/success.txt?ipv4,57,0,0
1734541108688,56,Notice50/success.txt-55,200,OK,Sample50 1-17,text,true,,216,320,1,1,http://detectportal.firefox.com/success.txt?ipv6,56,0,0
1734541109901,231,Moodle50/wr2-48,200,OK,Sample50 1-18,text,false,"The operation lasted too long: It took 231 milliseconds, but should not have lasted longer than 196 milliseconds.",231,477,1,2,http://o.pki.goog/wr2,231,0,83
1734541110133,132,Moodle50/canonical.html-49,200,OK,Sample50 1-18,text,true,,298,303,1,2,http://detectportal.firefox.com/canonical.html,132,0,61
1734541110265,60,Moodle50/success.txt-51,200,OK,Sample50 1-18,text,true,,216,320,1,2,http://detectportal.firefox.com/success.txt?ipv6,60,0,0
1734541110325,61,Moodle50/success.txt-50,200,OK,Sample50 1-18,text,true,,216,320,1,1,http://detectportal.firefox.com/success.txt?ipv4,61,0,0
1734541110387,40,Home/home-127,200,OK,Sample50 1-18,text,true,,7497,512,1,1,https://cse.buet.ac.bd/home,39,0,21
1734541110427,149,Home50/wr2-52,200,OK,Sample50 1-18,text,true,,231,477,1,1,http://o.pki.goog/wr2,149,0,0
1734541110577,23,Home/home/notice-137,200,OK,Sample50 1-18,text,true,,3583,478,1,1,https://cse.buet.ac.bd/home/notice,23,0,0
1734541110600,56,Notice50/canonical.html-53,200,OK,Sample50 1-18,text,true,,298,303,1,1,http://detectportal.firefox.com/canonical.html,56,0,0
1734541110656,55,Notice50/success.txt-54,200,OK,Sample50 1-18,text,true,,216,320,1,1,http://detectportal.firefox.com/success.txt?ipv4,55,0,0
1734541110711,56,Notice50/success.txt-55,200,OK,Sample50 1-18,text,true,,216,320,1,1,http://detectportal.firefox.com/success.txt?ipv6,56,0,0
1734541111903,226,Moodle50/wr2-48,200,OK,Sample50 1-19,text,false,"The operation lasted too long: It took 226 milliseconds, but should not have lasted longer than 196 milliseconds.",231,477,1,2,http://o.pki.goog/wr2,226,0,79
1734541112130,138,Moodle50/canonical.html-49,200,OK,Sample50 1-19,text,true,,298,303,1,2,http://detectportal.firefox.com/canonical.html,138,0,71
1734541112269,70,Moodle50/success.txt-51,200,OK,Sample50 1-19,text,true,,216,320,1,2,http://detectportal.firefox.com/success.txt?ipv6,70,0,0
1734541112340,76,Moodle50/success.txt-50,200,OK,Sample50 1-19,text,true,,216,320,1,1,http://detectportal.firefox.com/success.txt?ipv4,76,0,0
1734541112417,46,Home/home-127,200,OK,Sample50 1-19,text,true,,7497,512,1,1,https://cse.buet.ac.bd/home,45,0,15
1734541112463,149,Home50/wr2-52,200,OK,Sample50 1-19,text,true,,231,477,1,1,http://o.pki.goog/wr2,149,0,0
1734541112612,31,Home/home/notice-137,200,OK,Sample50 1-19,text,true,,3583,478,1,1,https://cse.buet.ac.bd/home/notice,31,0,0
1734541112643,58,Notice50/canonical.html-53,200,OK,Sample50 1-19,text,true,,298,303,1,1,http://detectportal.firefox.com/canonical.html,58,0,0
1734541112702,66,Notice50/success.txt-54,200,OK,Sample50 1-19,text,true,,216,320,1,1,http://detectportal.firefox.com/success.txt?ipv4,66,0,0
1734541112769,65,Notice50/success.txt-55,200,OK,Sample50 1-19,text,true,,216,320,1,1,http://detectportal.firefox.com/success.txt?ipv6,65,0,0
1734541113900,218,Moodle50/wr2-48,200,OK,Sample50 1-20,text,false,"The operation lasted too long: It took 218 milliseconds, but should not have lasted longer than 196 milliseconds.",231,477,1,2,http://o.pki.goog/wr2,218,0,77
1734541114119,116,Moodle50/canonical.html-49,200,OK,Sample50 1-20,text,true,,298,303,1,2,http://detectportal.firefox.com/canonical.html,116,0,60
1734541114235,56,Moodle50/success.txt-51,200,OK,Sample50 1-20,text,true,,216,320,1,2,http://detectportal.firefox.com/success.txt?ipv6,56,0,0
1734541114292,54,Moodle50/success.txt-50,200,OK,Sample50 1-20,text,true,,216,320,1,1,http://detectportal.firefox.com/success.txt?ipv4,54,0,0
1734541114346,43,Home/home-127,200,OK,Sample50 1-20,text,true,,7497,512,1,1,https://cse.buet.ac.bd/home,43,0,19
1734541114389,139,Home50/wr2-52,200,OK,Sample50 1-20,text,true,,231,477,1,1,http://o.pki.goog/wr2,139,0,0
1734541114528,22,Home/home/notice-137,200,OK,Sample50 1-20,text,true,,3583,478,1,1,https://cse.buet.ac.bd/home/notice,22,0,0
1734541114551,56,Notice50/canonical.html-53,200,OK,Sample50 1-20,text,true,,298,303,1,1,http://detectportal.firefox.com/canonical.html,56,0,0
1734541114607,54,Notice50/success.txt-54,200,OK,Sample50 1-20,text,true,,216,320,1,1,http://detectportal.firefox.com/success.txt?ipv4,54,0,0
1734541114661,56,Notice50/success.txt-55,200,OK,Sample50 1-20,text,true,,216,320,1,1,http://detectportal.firefox.com/success.txt?ipv6,56,0,0
1734541115901,227,Moodle50/wr2-48,200,OK,Sample50 1-21,text,false,"The operation lasted too long: It took 227 milliseconds, but should not have lasted longer than 196 milliseconds.",231,477,1,2,http://o.pki.goog/wr2,227,0,83
1734541116129,114,Moodle50/canonical.html-49,200,OK,Sample50 1-21,text,true,,298,303,1,2,http://detectportal.firefox.com/canonical.html,114,0,58
1734541116243,59,Moodle50/success.txt-51,200,OK,Sample50 1-21,text,true,,216,320,1,2,http://detectportal.firefox.com/success.txt?ipv6,59,0,0
1734541116303,59,Moodle50/success.txt-50,200,OK,Sample50 1-21,text,true,,216,320,1,1,http://detectportal.firefox.com/success.txt?ipv4,59,0,0
1734541116362,46,Home/home-127,200,OK,Sample50 1-21,text,true,,7497,512,1,1,https://cse.buet.ac.bd/home,46,0,16
1734541116409,145,Home50/wr2-52,200,OK,Sample50 1-21,text,true,,231,477,1,1,http://o.pki.goog/wr2,145,0,0
1734541116554,32,Home/home/notice-137,200,OK,Sample50 1-21,text,true,,3583,478,1,1,https://cse.buet.ac.bd/home/notice,32,0,0
1734541116586,56,Notice50/canonical.html-53,200,OK,Sample50 1-21,text,true,,298,303,1,1,http://detectportal.firefox.com/canonical.html,56,0,0
1734541116642,59,Notice50/success.txt-54,200,OK,Sample50 1-21,text,true,,216,320,1,1,http://detectportal.firefox.com/success.txt?ipv4,59,0,0
1734541116701,59,Notice50/success.txt-55,200,OK,Sample50 1-21,text,true,,216,320,1,1,http://detectportal.firefox.com/success.txt?ipv6,59,0,0
1734541117900,229,Moodle50/wr2-48,200,OK,Sample50 1-22,text,false,"The operation lasted too long: It took 229 milliseconds, but should not have lasted longer than 196 milliseconds.",231,477,1,2,http://o.pki.goog/wr2,229,0,83
1734541118130,113,Moodle50/canonical.html-49,200,OK,Sample50 1-22,text,true,,298,303,1,2,http://detectportal.firefox.com/canonical.html,113,0,57
1734541118243,56,Moodle50/success.txt-51,200,OK,Sample50 1-22,text,true,,216,320,1,2,http://detectportal.firefox.com/success.txt?ipv6,56,0,0
1734541118299,58,Moodle50/success.txt-50,200,OK,Sample50 1-22,text,true,,216,320,1,1,http://detectportal.firefox.com/success.txt?ipv4,58,0,0
1734541118358,48,Home/home-127,200,OK,Sample50 1-22,text,true,,7497,512,1,1,https://cse.buet.ac.bd/home,47,0,24
1734541118406,149,Home50/wr2-52,200,OK,Sample50 1-22,text,true,,231,477,1,1,http://o.pki.goog/wr2,149,0,0
1734541118555,33,Home/home/notice-137,200,OK,Sample50 1-22,text,true,,3583,478,1,1,https://cse.buet.ac.bd/home/notice,33,0,0
1734541118588,57,Notice50/canonical.html-53,200,OK,Sample50 1-22,text,true,,298,303,1,1,http://detectportal.firefox.com/canonical.html,57,0,0
1734541118645,324,Notice50/success.txt-54,200,OK,Sample50 1-22,text,false,"The operation lasted too long: It took 324 milliseconds, but should not have lasted longer than 180 milliseconds.",216,320,1,2,http://detectportal.firefox.com/success.txt?ipv4,324,0,0
1734541118969,62,Notice50/success.txt-55,200,OK,Sample50 1-22,text,true,,216,320,1,2,http://detectportal.firefox.com/success.txt?ipv6,62,0,0
1734541119902,222,Moodle50/wr2-48,200,OK,Sample50 1-23,text,false,"The operation lasted too long: It took 222 milliseconds, but should not have lasted longer than 196 milliseconds.",231,477,1,2,http://o.pki.goog/wr2,222,0,78
1734541120125,117,Moodle50/canonical.html-49,200,OK,Sample50 1-23,text,true,,298,303,1,2,http://detectportal.firefox.com/canonical.html,117,0,59
1734541120243,61,Moodle50/success.txt-51,200,OK,Sample50 1-23,text,true,,216,320,1,2,http://detectportal.firefox.com/success.txt?ipv6,61,0,0
1734541120304,58,Moodle50/success.txt-50,200,OK,Sample50 1-23,text,true,,216,320,1,2,http://detectportal.firefox.com/success.txt?ipv4,58,0,0
1734541120363,237,Home/home-127,200,OK,Sample50 1-23,text,false,"The operation lasted too long: It took 237 milliseconds, but should not have lasted longer than 190 milliseconds.",7497,512,1,1,https://cse.buet.ac.bd/home,237,0,209
1734541120601,140,Home50/wr2-52,200,OK,Sample50 1-23,text,true,,231,477,1,1,http://o.pki.goog/wr2,140,0,0
1734541120742,25,Home/home/notice-137,200,OK,Sample50 1-23,text,true,,3583,478,1,1,https://cse.buet.ac.bd/home/notice,25,0,0
1734541120767,57,Notice50/canonical.html-53,200,OK,Sample50 1-23,text,true,,298,303,1,1,http://detectportal.firefox.com/canonical.html,57,0,0
1734541120824,54,Notice50/success.txt-54,200,OK,Sample50 1-23,text,true,,216,320,1,1,http://detectportal.firefox.com/success.txt?ipv4,54,0,0
1734541120879,59,Notice50/success.txt-55,200,OK,Sample50 1-23,text,true,,216,320,1,2,http://detectportal.firefox.com/success.txt?ipv6,59,0,0
1734541121901,236,Moodle50/wr2-48,200,OK,Sample50 1-24,text,false,"The operation lasted too long: It took 236 milliseconds, but should not have lasted longer than 196 milliseconds.",231,477,1,2,http://o.pki.goog/wr2,236,0,88
1734541122138,114,Moodle50/canonical.html-49,200,OK,Sample50 1-24,text,true,,298,303,1,2,http://detectportal.firefox.com/canonical.html,114,0,58
1734541122253,56,Moodle50/success.txt-51,200,OK,Sample50 1-24,text,true,,216,320,1,2,http://detectportal.firefox.com/success.txt?ipv6,56,0,0
1734541122309,56,Moodle50/success.txt-50,200,OK,Sample50 1-24,text,true,,216,320,1,1,http://detectportal.firefox.com/success.txt?ipv4,56,0,0
1734541122366,45,Home/home-127,200,OK,Sample50 1-24,text,true,,7497,512,1,1,https://cse.buet.ac.bd/home,45,0,15
1734541122412,142,Home50/wr2-52,200,OK,Sample50 1-24,text,true,,231,477,1,1,http://o.pki.goog/wr2,142,0,0
1734541122555,21,Home/home/notice-137,200,OK,Sample50 1-24,text,true,,3583,478,1,1,https://cse.buet.ac.bd/home/notice,21,0,0
1734541122577,55,Notice50/canonical.html-53,200,OK,Sample50 1-24,text,true,,298,303,1,1,http://detectportal.firefox.com/canonical.html,55,0,0
1734541122633,58,Notice50/success.txt-54,200,OK,Sample50 1-24,text,true,,216,320,1,1,http://detectportal.firefox.com/success.txt?ipv4,58,0,0
1734541122691,58,Notice50/success.txt-55,200,OK,Sample50 1-24,text,true,,216,320,1,1,http://detectportal.firefox.com/success.txt?ipv6,58,0,0
1734541123900,276,Moodle50/wr2-48,200,OK,Sample50 1-25,text,false,"The operation lasted too long: It took 276 milliseconds, but should not have lasted longer than 196 milliseconds.",231,477,1,2,http://o.pki.goog/wr2,276,0,106
1734541124177,130,Moodle50/canonical.html-49,200,OK,Sample50 1-25,text,true,,298,303,1,2,http://detectportal.firefox.com/canonical.html,130,0,69
1734541124307,67,Moodle50/success.txt-51,200,OK,Sample50 1-25,text,true,,216,320,1,2,http://detectportal.firefox.com/success.txt?ipv6,67,0,0
1734541124374,66,Moodle50/success.txt-50,200,OK,Sample50 1-25,text,true,,216,320,1,1,http://detectportal.firefox.com/success.txt?ipv4,66,0,0
1734541124440,37,Home/home-127,200,OK,Sample50 1-25,text,true,,7497,512,1,1,https://cse.buet.ac.bd/home,36,0,19
1734541124478,148,Home50/wr2-52,200,OK,Sample50 1-25,text,true,,231,477,1,1,http://o.pki.goog/wr2,148,0,0
1734541124627,28,Home/home/notice-137,200,OK,Sample50 1-25,text,true,,3583,478,1,1,https://cse.buet.ac.bd/home/notice,27,0,0
1734541124655,55,Notice50/canonical.html-53,200,OK,Sample50 1-25,text,true,,298,303,1,1,http://detectportal.firefox.com/canonical.html,55,0,0
1734541124711,57,Notice50/success.txt-54,200,OK,Sample50 1-25,text,true,,216,320,1,1,http://detectportal.firefox.com/success.txt?ipv4,57,0,0
1734541124769,59,Notice50/success.txt-55,200,OK,Sample50 1-25,text,true,,216,320,1,1,http://detectportal.firefox.com/success.txt?ipv6,59,0,0
1734541125899,291,Moodle50/wr2-48,200,OK,Sample50 1-26,text,false,"The operation lasted too long: It took 291 milliseconds, but should not have lasted longer than 196 milliseconds.",231,477,1,2,http://o.pki.goog/wr2,291,0,79
1734541126191,150,Moodle50/canonical.html-49,200,OK,Sample50 1-26,text,true,,298,303,1,2,http://detectportal.firefox.com/canonical.html,150,0,90
1734541126341,58,Moodle50/success.txt-51,200,OK,Sample50 1-26,text,true,,216,320,1,1,http://detectportal.firefox.com/success.txt?ipv6,58,0,0
1734541126400,54,Moodle50/success.txt-50,200,OK,Sample50 1-26,text,true,,216,320,1,1,http://detectportal.firefox.com/success.txt?ipv4,54,0,0
1734541126454,45,Home/home-127,200,OK,Sample50 1-26,text,true,,7497,512,1,1,https://cse.buet.ac.bd/home,44,0,19
1734541126499,145,Home50/wr2-52,200,OK,Sample50 1-26,text,true,,231,477,1,1,http://o.pki.goog/wr2,145,0,0
1734541126644,26,Home/home/notice-137,200,OK,Sample50 1-26,text,true,,3583,478,1,1,https://cse.buet.ac.bd/home/notice,26,0,0
1734541126671,56,Notice50/canonical.html-53,200,OK,Sample50 1-26,text,true,,298,303,1,1,http://detectportal.firefox.com/canonical.html,56,0,0
1734541126727,54,Notice50/success.txt-54,200,OK,Sample50 1-26,text,true,,216,320,1,1,http://detectportal.firefox.com/success.txt?ipv4,54,0,0
1734541126781,56,Notice50/success.txt-55,200,OK,Sample50 1-26,text,true,,216,320,1,1,http://detectportal.firefox.com/success.txt?ipv6,56,0,0
1734541127901,222,Moodle50/wr2-48,200,OK,Sample50 1-27,text,false,"The operation lasted too long: It took 222 milliseconds, but should not have lasted longer than 196 milliseconds.",231,477,1,2,http://o.pki.goog/wr2,222,0,83
1734541128124,117,Moodle50/canonical.html-49,200,OK,Sample50 1-27,text,true,,298,303,1,2,http://detectportal.firefox.com/canonical.html,117,0,60
1734541128242,59,Moodle50/success.txt-51,200,OK,Sample50 1-27,text,true,,216,320,1,2,http://detectportal.firefox.com/success.txt?ipv6,59,0,0
1734541128301,57,Moodle50/success.txt-50,200,OK,Sample50 1-27,text,true,,216,320,1,1,http://detectportal.firefox.com/success.txt?ipv4,57,0,0
1734541128358,43,Home/home-127,200,OK,Sample50 1-27,text,true,,7497,512,1,1,https://cse.buet.ac.bd/home,43,0,20
1734541128401,140,Home50/wr2-52,200,OK,Sample50 1-27,text,true,,231,477,1,1,http://o.pki.goog/wr2,140,0,0
1734541128542,27,Home/home/notice-137,200,OK,Sample50 1-27,text,true,,3583,478,1,1,https://cse.buet.ac.bd/home/notice,27,0,0
1734541128569,68,Notice50/canonical.html-53,200,OK,Sample50 1-27,text,true,,298,303,1,1,http://detectportal.firefox.com/canonical.html,68,0,0
1734541128638,57,Notice50/success.txt-54,200,OK,Sample50 1-27,text,true,,216,320,1,1,http://detectportal.firefox.com/success.txt?ipv4,57,0,0
1734541128696,54,Notice50/success.txt-55,200,OK,Sample50 1-27,text,true,,216,320,1,1,http://detectportal.firefox.com/success.txt?ipv6,54,0,0
1734541129906,226,Moodle50/wr2-48,200,OK,Sample50 1-28,text,false,"The operation lasted too long: It took 226 milliseconds, but should not have lasted longer than 196 milliseconds.",231,477,1,2,http://o.pki.goog/wr2,226,0,83
1734541130132,110,Moodle50/canonical.html-49,200,OK,Sample50 1-28,text,true,,298,303,1,2,http://detectportal.firefox.com/canonical.html,110,0,56
1734541130242,57,Moodle50/success.txt-51,200,OK,Sample50 1-28,text,true,,216,320,1,2,http://detectportal.firefox.com/success.txt?ipv6,57,0,0
1734541130299,56,Moodle50/success.txt-50,200,OK,Sample50 1-28,text,true,,216,320,1,1,http://detectportal.firefox.com/success.txt?ipv4,56,0,0
1734541130356,31,Home/home-127,200,OK,Sample50 1-28,text,true,,7497,512,1,1,https://cse.buet.ac.bd/home,30,0,12
1734541130387,140,Home50/wr2-52,200,OK,Sample50 1-28,text,true,,231,477,1,1,http://o.pki.goog/wr2,140,0,0
1734541130528,28,Home/home/notice-137,200,OK,Sample50 1-28,text,true,,3583,478,1,1,https://cse.buet.ac.bd/home/notice,28,0,0
1734541130557,60,Notice50/canonical.html-53,200,OK,Sample50 1-28,text,true,,298,303,1,1,http://detectportal.firefox.com/canonical.html,60,0,0
1734541130617,58,Notice50/success.txt-54,200,OK,Sample50 1-28,text,true,,216,320,1,1,http://detectportal.firefox.com/success.txt?ipv4,58,0,0
1734541130675,61,Notice50/success.txt-55,200,OK,Sample50 1-28,text,true,,216,320,1,1,http://detectportal.firefox.com/success.txt?ipv6,61,0,0
1734541131909,224,Moodle50/wr2-48,200,OK,Sample50 1-29,text,false,"The operation lasted too long: It took 224 milliseconds, but should not have lasted longer than 196 milliseconds.",231,477,1,2,http://o.pki.goog/wr2,224,0,79
1734541132134,110,Moodle50/canonical.html-49,200,OK,Sample50 1-29,text,true,,298,303,1,2,http://detectportal.firefox.com/canonical.html,110,0,55
1734541132245,61,Moodle50/success.txt-51,200,OK,Sample50 1-29,text,true,,216,320,1,2,http://detectportal.firefox.com/success.txt?ipv6,61,0,0
1734541132306,58,Moodle50/success.txt-50,200,OK,Sample50 1-29,text,true,,216,320,1,2,http://detectportal.firefox.com/success.txt?ipv4,58,0,0
1734541132365,286,Home/home-127,200,OK,Sample50 1-29,text,false,"The operation lasted too long: It took 286 milliseconds, but should not have lasted longer than 190 milliseconds.",7497,512,1,1,https://cse.buet.ac.bd/home,286,0,260
1734541132651,142,Home50/wr2-52,200,OK,Sample50 1-29,text,true,,231,477,1,1,http://o.pki.goog/wr2,142,0,0
1734541132793,26,Home/home/notice-137,200,OK,Sample50 1-29,text,true,,3583,478,1,1,https://cse.buet.ac.bd/home/notice,25,0,0
1734541132819,55,Notice50/canonical.html-53,200,OK,Sample50 1-29,text,true,,298,303,1,1,http://detectportal.firefox.com/canonical.html,55,0,0
1734541132874,56,Notice50/success.txt-54,200,OK,Sample50 1-29,text,true,,216,320,1,2,http://detectportal.firefox.com/success.txt?ipv4,56,0,0
1734541132930,54,Notice50/success.txt-55,200,OK,Sample50 1-29,text,true,,216,320,1,2,http://detectportal.firefox.com/success.txt?ipv6,54,0,0
1734541133905,568,Moodle50/wr2-48,200,OK,Sample50 1-30,text,false,"The operation lasted too long: It took 568 milliseconds, but should not have lasted longer than 196 milliseconds.",231,477,1,1,http://o.pki.goog/wr2,568,0,82
1734541134474,127,Moodle50/canonical.html-49,200,OK,Sample50 1-30,text,true,,298,303,1,1,http://detectportal.firefox.com/canonical.html,127,0,70
1734541134602,64,Moodle50/success.txt-51,200,OK,Sample50 1-30,text,true,,216,320,1,1,http://detectportal.firefox.com/success.txt?ipv6,64,0,0
1734541134666,56,Moodle50/success.txt-50,200,OK,Sample50 1-30,text,true,,216,320,1,1,http://detectportal.firefox.com/success.txt?ipv4,56,0,0
1734541134723,38,Home/home-127,200,OK,Sample50 1-30,text,true,,7497,512,1,1,https://cse.buet.ac.bd/home,38,0,18
1734541134762,148,Home50/wr2-52,200,OK,Sample50 1-30,text,true,,231,477,1,1,http://o.pki.goog/wr2,148,0,0
1734541134910,21,Home/home/notice-137,200,OK,Sample50 1-30,text,true,,3583,478,1,2,https://cse.buet.ac.bd/home/notice,21,0,0
1734541134931,58,Notice50/canonical.html-53,200,OK,Sample50 1-30,text,true,,298,303,1,2,http://detectportal.firefox.com/canonical.html,58,0,0
1734541134989,56,Notice50/success.txt-54,200,OK,Sample50 1-30,text,true,,216,320,1,2,http://detectportal.firefox.com/success.txt?ipv4,56,0,0
1734541135045,55,Notice50/success.txt-55,200,OK,Sample50 1-30,text,true,,216,320,1,2,http://detectportal.firefox.com/success.txt?ipv6,55,0,0
1734541135904,231,Moodle50/wr2-48,200,OK,Sample50 1-31,text,false,"The operation lasted too long: It took 231 milliseconds, but should not have lasted longer than 196 milliseconds.",231,477,1,2,http://o.pki.goog/wr2,231,0,87
1734541136135,109,Moodle50/canonical.html-49,200,OK,Sample50 1-31,text,true,,298,303,1,2,http://detectportal.firefox.com/canonical.html,109,0,54
1734541136244,58,Moodle50/success.txt-51,200,OK,Sample50 1-31,text,true,,216,320,1,2,http://detectportal.firefox.com/success.txt?ipv6,58,0,0
1734541136302,56,Moodle50/success.txt-50,200,OK,Sample50 1-31,text,true,,216,320,1,1,http://detectportal.firefox.com/success.txt?ipv4,56,0,0
1734541136359,38,Home/home-127,200,OK,Sample50 1-31,text,true,,7497,512,1,1,https://cse.buet.ac.bd/home,37,0,19
1734541136397,144,Home50/wr2-52,200,OK,Sample50 1-31,text,true,,231,477,1,1,http://o.pki.goog/wr2,144,0,0
1734541136542,30,Home/home/notice-137,200,OK,Sample50 1-31,text,true,,3583,478,1,1,https://cse.buet.ac.bd/home/notice,30,0,0
1734541136573,66,Notice50/canonical.html-53,200,OK,Sample50 1-31,text,true,,298,303,1,1,http://detectportal.firefox.com/canonical.html,66,0,0
1734541136638,67,Notice50/success.txt-54,200,OK,Sample50 1-31,text,true,,216,320,1,1,http://detectportal.firefox.com/success.txt?ipv4,67,0,0
1734541136706,63,Notice50/success.txt-55,200,OK,Sample50 1-31,text,true,,216,320,1,1,http://detectportal.firefox.com/success.txt?ipv6,63,0,0
1734541137906,222,Moodle50/wr2-48,200,OK,Sample50 1-32,text,false,"The operation lasted too long: It took 222 milliseconds, but should not have lasted longer than 196 milliseconds.",231,477,1,2,http://o.pki.goog/wr2,222,0,82
1734541138129,166,Moodle50/canonical.html-49,200,OK,Sample50 1-32,text,true,,298,303,1,2,http://detectportal.firefox.com/canonical.html,166,0,103
1734541138296,57,Moodle50/success.txt-51,200,OK,Sample50 1-32,text,true,,216,320,1,1,http://detectportal.firefox.com/success.txt?ipv6,57,0,0
1734541138353,65,Moodle50/success.txt-50,200,OK,Sample50 1-32,text,true,,216,320,1,1,http://detectportal.firefox.com/success.txt?ipv4,65,0,0
1734541138419,82,Home/home-127,200,OK,Sample50 1-32,text,true,,7497,512,1,1,https://cse.buet.ac.bd/home,82,0,58
1734541138502,143,Home50/wr2-52,200,OK,Sample50 1-32,text,true,,231,477,1,1,http://o.pki.goog/wr2,143,0,0
1734541138646,31,Home/home/notice-137,200,OK,Sample50 1-32,text,true,,3583,478,1,1,https://cse.buet.ac.bd/home/notice,30,0,0
1734541138677,60,Notice50/canonical.html-53,200,OK,Sample50 1-32,text,true,,298,303,1,1,http://detectportal.firefox.com/canonical.html,60,0,0
1734541138737,56,Notice50/success.txt-54,200,OK,Sample50 1-32,text,true,,216,320,1,1,http://detectportal.firefox.com/success.txt?ipv4,56,0,0
1734541138793,55,Notice50/success.txt-55,200,OK,Sample50 1-32,text,true,,216,320,1,1,http://detectportal.firefox.com/success.txt?ipv6,55,0,0
1734541139901,236,Moodle50/wr2-48,200,OK,Sample50 1-33,text,false,"The operation lasted too long: It took 236 milliseconds, but should not have lasted longer than 196 milliseconds.",231,477,1,2,http://o.pki.goog/wr2,236,0,94
1734541140138,120,Moodle50/canonical.html-49,200,OK,Sample50 1-33,text,true,,298,303,1,2,http://detectportal.firefox.com/canonical.html,120,0,56
1734541140259,54,Moodle50/success.txt-51,200,OK,Sample50 1-33,text,true,,216,320,1,2,http://detectportal.firefox.com/success.txt?ipv6,54,0,0
1734541140314,56,Moodle50/success.txt-50,200,OK,Sample50 1-33,text,true,,216,320,1,2,http://detectportal.firefox.com/success.txt?ipv4,56,0,0
1734541140370,33,Home/home-127,200,OK,Sample50 1-33,text,true,,7497,512,1,1,https://cse.buet.ac.bd/home,32,0,14
1734541140403,152,Home50/wr2-52,200,OK,Sample50 1-33,text,true,,231,477,1,1,http://o.pki.goog/wr2,152,0,0
1734541140555,31,Home/home/notice-137,200,OK,Sample50 1-33,text,true,,3583,478,1,1,https://cse.buet.ac.bd/home/notice,30,0,0
1734541140586,55,Notice50/canonical.html-53,200,OK,Sample50 1-33,text,true,,298,303,1,1,http://detectportal.firefox.com/canonical.html,55,0,0
1734541140641,65,Notice50/success.txt-54,200,OK,Sample50 1-33,text,true,,216,320,1,1,http://detectportal.firefox.com/success.txt?ipv4,65,0,0
1734541140707,65,Notice50/success.txt-55,200,OK,Sample50 1-33,text,true,,216,320,1,1,http://detectportal.firefox.com/success.txt?ipv6,65,0,0
1734541141906,242,Moodle50/wr2-48,200,OK,Sample50 1-34,text,false,"The operation lasted too long: It took 242 milliseconds, but should not have lasted longer than 196 milliseconds.",231,477,1,2,http://o.pki.goog/wr2,242,0,84
1734541142149,122,Moodle50/canonical.html-49,200,OK,Sample50 1-34,text,true,,298,303,1,2,http://detectportal.firefox.com/canonical.html,122,0,63
1734541142272,56,Moodle50/success.txt-51,200,OK,Sample50 1-34,text,true,,216,320,1,2,http://detectportal.firefox.com/success.txt?ipv6,56,0,0
1734541142328,56,Moodle50/success.txt-50,200,OK,Sample50 1-34,text,true,,216,320,1,1,http://detectportal.firefox.com/success.txt?ipv4,56,0,0
1734541142385,36,Home/home-127,200,OK,Sample50 1-34,text,true,,7497,512,1,1,https://cse.buet.ac.bd/home,35,0,17
1734541142421,141,Home50/wr2-52,200,OK,Sample50 1-34,text,true,,231,477,1,1,http://o.pki.goog/wr2,141,0,0
1734541142562,22,Home/home/notice-137,200,OK,Sample50 1-34,text,true,,3583,478,1,1,https://cse.buet.ac.bd/home/notice,21,0,0
1734541142584,54,Notice50/canonical.html-53,200,OK,Sample50 1-34,text,true,,298,303,1,1,http://detectportal.firefox.com/canonical.html,54,0,0
1734541142639,56,Notice50/success.txt-54,200,OK,Sample50 1-34,text,true,,216,320,1,1,http://detectportal.firefox.com/success.txt?ipv4,56,0,0
1734541142695,58,Notice50/success.txt-55,200,OK,Sample50 1-34,text,true,,216,320,1,1,http://detectportal.firefox.com/success.txt?ipv6,58,0,0
1734541143900,253,Moodle50/wr2-48,200,OK,Sample50 1-35,text,false,"The operation lasted too long: It took 253 milliseconds, but should not have lasted longer than 196 milliseconds.",231,477,1,2,http://o.pki.goog/wr2,253,0,90
1734541144155,139,Moodle50/canonical.html-49,200,OK,Sample50 1-35,text,true,,298,303,1,2,http://detectportal.firefox.com/canonical.html,139,0,71
1734541144294,74,Moodle50/success.txt-51,200,OK,Sample50 1-35,text,true,,216,320,1,2,http://detectportal.firefox.com/success.txt?ipv6,74,0,0
1734541144368,64,Moodle50/success.txt-50,200,OK,Sample50 1-35,text,true,,216,320,1,1,http://detectportal.firefox.com/success.txt?ipv4,64,0,0
1734541144433,45,Home/home-127,200,OK,Sample50 1-35,text,true,,7497,512,1,1,https://cse.buet.ac.bd/home,45,0,17
1734541144478,155,Home50/wr2-52,200,OK,Sample50 1-35,text,true,,231,477,1,1,http://o.pki.goog/wr2,155,0,0
1734541144634,20,Home/home/notice-137,200,OK,Sample50 1-35,text,true,,3583,478,1,1,https://cse.buet.ac.bd/home/notice,20,0,0
1734541144654,77,Notice50/canonical.html-53,200,OK,Sample50 1-35,text,true,,298,303,1,1,http://detectportal.firefox.com/canonical.html,77,0,0
1734541144731,60,Notice50/success.txt-54,200,OK,Sample50 1-35,text,true,,216,320,1,1,http://detectportal.firefox.com/success.txt?ipv4,60,0,0
1734541144791,57,Notice50/success.txt-55,200,OK,Sample50 1-35,text,true,,216,320,1,1,http://detectportal.firefox.com/success.txt?ipv6,57,0,0
1734541145914,222,Moodle50/wr2-48,200,OK,Sample50 1-36,text,false,"The operation lasted too long: It took 222 milliseconds, but should not have lasted longer than 196 milliseconds.",231,477,1,2,http://o.pki.goog/wr2,222,0,82
1734541146136,119,Moodle50/canonical.html-49,200,OK,Sample50 1-36,text,true,,298,303,1,2,http://detectportal.firefox.com/canonical.html,119,0,58
1734541146255,57,Moodle50/success.txt-51,200,OK,Sample50 1-36,text,true,,216,320,1,2,http://detectportal.firefox.com/success.txt?ipv6,57,0,0
1734541146313,56,Moodle50/success.txt-50,200,OK,Sample50 1-36,text,true,,216,320,1,2,http://detectportal.firefox.com/success.txt?ipv4,56,0,0
1734541146370,41,Home/home-127,200,OK,Sample50 1-36,text,true,,7497,512,1,2,https://cse.buet.ac.bd/home,41,0,21
1734541146411,142,Home50/wr2-52,200,OK,Sample50 1-36,text,true,,231,477,1,1,http://o.pki.goog/wr2,142,0,0
1734541146553,42,Home/home/notice-137,200,OK,Sample50 1-36,text,true,,3583,478,1,1,https://cse.buet.ac.bd/home/notice,41,0,0
1734541146595,55,Notice50/canonical.html-53,200,OK,Sample50 1-36,text,true,,298,303,1,1,http://detectportal.firefox.com/canonical.html,55,0,0
1734541146650,55,Notice50/success.txt-54,200,OK,Sample50 1-36,text,true,,216,320,1,1,http://detectportal.firefox.com/success.txt?ipv4,55,0,0
1734541146706,53,Notice50/success.txt-55,200,OK,Sample50 1-36,text,true,,216,320,1,1,http://detectportal.firefox.com/success.txt?ipv6,53,0,0
1734541147912,229,Moodle50/wr2-48,200,OK,Sample50 1-37,text,false,"The operation lasted too long: It took 229 milliseconds, but should not have lasted longer than 196 milliseconds.",231,477,1,2,http://o.pki.goog/wr2,229,0,83
1734541148142,118,Moodle50/canonical.html-49,200,OK,Sample50 1-37,text,true,,298,303,1,2,http://detectportal.firefox.com/canonical.html,118,0,60
1734541148260,56,Moodle50/success.txt-51,200,OK,Sample50 1-37,text,true,,216,320,1,2,http://detectportal.firefox.com/success.txt?ipv6,56,0,0
1734541148317,55,Moodle50/success.txt-50,200,OK,Sample50 1-37,text,true,,216,320,1,1,http://detectportal.firefox.com/success.txt?ipv4,55,0,0
1734541148372,50,Home/home-127,200,OK,Sample50 1-37,text,true,,7497,512,1,1,https://cse.buet.ac.bd/home,49,0,17
1734541148422,140,Home50/wr2-52,200,OK,Sample50 1-37,text,true,,231,477,1,1,http://o.pki.goog/wr2,140,0,0
1734541148563,28,Home/home/notice-137,200,OK,Sample50 1-37,text,true,,3583,478,1,1,https://cse.buet.ac.bd/home/notice,27,0,0
1734541148591,58,Notice50/canonical.html-53,200,OK,Sample50 1-37,text,true,,298,303,1,1,http://detectportal.firefox.com/canonical.html,58,0,0
1734541148649,58,Notice50/success.txt-54,200,OK,Sample50 1-37,text,true,,216,320,1,1,http://detectportal.firefox.com/success.txt?ipv4,58,0,0
1734541148708,57,Notice50/success.txt-55,200,OK,Sample50 1-37,text,true,,216,320,1,1,http://detectportal.firefox.com/success.txt?ipv6,57,0,0
1734541149911,232,Moodle50/wr2-48,200,OK,Sample50 1-38,text,false,"The operation lasted too long: It took 232 milliseconds, but should not have lasted longer than 196 milliseconds.",231,477,1,2,http://o.pki.goog/wr2,232,0,83
1734541150144,110,Moodle50/canonical.html-49,200,OK,Sample50 1-38,text,true,,298,303,1,2,http://detectportal.firefox.com/canonical.html,110,0,56
1734541150254,54,Moodle50/success.txt-51,200,OK,Sample50 1-38,text,true,,216,320,1,2,http://detectportal.firefox.com/success.txt?ipv6,54,0,0
1734541150309,56,Moodle50/success.txt-50,200,OK,Sample50 1-38,text,true,,216,320,1,1,http://detectportal.firefox.com/success.txt?ipv4,56,0,0
1734541150366,38,Home/home-127,200,OK,Sample50 1-38,text,true,,7497,512,1,1,https://cse.buet.ac.bd/home,38,0,15
1734541150404,149,Home50/wr2-52,200,OK,Sample50 1-38,text,true,,231,477,1,1,http://o.pki.goog/wr2,149,0,0
1734541150553,26,Home/home/notice-137,200,OK,Sample50 1-38,text,true,,3583,478,1,1,https://cse.buet.ac.bd/home/notice,26,0,0
1734541150580,56,Notice50/canonical.html-53,200,OK,Sample50 1-38,text,true,,298,303,1,1,http://detectportal.firefox.com/canonical.html,56,0,0
1734541150636,77,Notice50/success.txt-54,200,OK,Sample50 1-38,text,true,,216,320,1,1,http://detectportal.firefox.com/success.txt?ipv4,77,0,0
1734541150713,74,Notice50/success.txt-55,200,OK,Sample50 1-38,text,true,,216,320,1,1,http://detectportal.firefox.com/success.txt?ipv6,74,0,0
1734541151900,225,Moodle50/wr2-48,200,OK,Sample50 1-39,text,false,"The operation lasted too long: It took 225 milliseconds, but should not have lasted longer than 196 milliseconds.",231,477,1,2,http://o.pki.goog/wr2,225,0,79
1734541152127,113,Moodle50/canonical.html-49,200,OK,Sample50 1-39,text,true,,298,303,1,2,http://detectportal.firefox.com/canonical.html,113,0,59
1734541152240,54,Moodle50/success.txt-51,200,OK,Sample50 1-39,text,true,,216,320,1,2,http://detectportal.firefox.com/success.txt?ipv6,54,0,0
1734541152295,56,Moodle50/success.txt-50,200,OK,Sample50 1-39,text,true,,216,320,1,1,http://detectportal.firefox.com/success.txt?ipv4,56,0,0
1734541152352,45,Home/home-127,200,OK,Sample50 1-39,text,true,,7497,512,1,1,https://cse.buet.ac.bd/home,45,0,19
1734541152398,141,Home50/wr2-52,200,OK,Sample50 1-39,text,true,,231,477,1,1,http://o.pki.goog/wr2,141,0,0
1734541152540,25,Home/home/notice-137,200,OK,Sample50 1-39,text,true,,3583,478,1,1,https://cse.buet.ac.bd/home/notice,25,0,0
1734541152565,54,Notice50/canonical.html-53,200,OK,Sample50 1-39,text,true,,298,303,1,1,http://detectportal.firefox.com/canonical.html,53,0,0
1734541152619,63,Notice50/success.txt-54,200,OK,Sample50 1-39,text,true,,216,320,1,1,http://detectportal.firefox.com/success.txt?ipv4,63,0,0
1734541152683,53,Notice50/success.txt-55,200,OK,Sample50 1-39,text,true,,216,320,1,1,http://detectportal.firefox.com/success.txt?ipv6,53,0,0
1734541153902,223,Moodle50/wr2-48,200,OK,Sample50 1-40,text,false,"The operation lasted too long: It took 223 milliseconds, but should not have lasted longer than 196 milliseconds.",231,477,1,2,http://o.pki.goog/wr2,223,0,80
1734541154126,121,Moodle50/canonical.html-49,200,OK,Sample50 1-40,text,true,,298,303,1,2,http://detectportal.firefox.com/canonical.html,121,0,60
1734541154247,58,Moodle50/success.txt-51,200,OK,Sample50 1-40,text,true,,216,320,1,2,http://detectportal.firefox.com/success.txt?ipv6,58,0,0
1734541154306,56,Moodle50/success.txt-50,200,OK,Sample50 1-40,text,true,,216,320,1,1,http://detectportal.firefox.com/success.txt?ipv4,56,0,0
1734541154363,36,Home/home-127,200,OK,Sample50 1-40,text,true,,7497,512,1,1,https://cse.buet.ac.bd/home,36,0,13
1734541154399,165,Home50/wr2-52,200,OK,Sample50 1-40,text,true,,231,477,1,1,http://o.pki.goog/wr2,165,0,0
1734541154565,24,Home/home/notice-137,200,OK,Sample50 1-40,text,true,,3583,478,1,1,https://cse.buet.ac.bd/home/notice,24,0,0
1734541154590,61,Notice50/canonical.html-53,200,OK,Sample50 1-40,text,true,,298,303,1,1,http://detectportal.firefox.com/canonical.html,61,0,0
1734541154651,61,Notice50/success.txt-54,200,OK,Sample50 1-40,text,true,,216,320,1,1,http://detectportal.firefox.com/success.txt?ipv4,61,0,0
1734541154712,56,Notice50/success.txt-55,200,OK,Sample50 1-40,text,true,,216,320,1,1,http://detectportal.firefox.com/success.txt?ipv6,56,0,0
1734541155901,232,Moodle50/wr2-48,200,OK,Sample50 1-41,text,false,"The operation lasted too long: It took 232 milliseconds, but should not have lasted longer than 196 milliseconds.",231,477,1,2,http://o.pki.goog/wr2,232,0,83
1734541156135,113,Moodle50/canonical.html-49,200,OK,Sample50 1-41,text,true,,298,303,1,2,http://detectportal.firefox.com/canonical.html,113,0,56
1734541156249,60,Moodle50/success.txt-51,200,OK,Sample50 1-41,text,true,,216,320,1,2,http://detectportal.firefox.com/success.txt?ipv6,60,0,0
1734541156309,53,Moodle50/success.txt-50,200,OK,Sample50 1-41,text,true,,216,320,1,1,http://detectportal.firefox.com/success.txt?ipv4,53,0,0
1734541156362,38,Home/home-127,200,OK,Sample50 1-41,text,true,,7497,512,1,1,https://cse.buet.ac.bd/home,37,0,15
1734541156400,290,Home50/wr2-52,200,OK,Sample50 1-41,text,false,"The operation lasted too long: It took 290 milliseconds, but should not have lasted longer than 190 milliseconds.",231,477,1,1,http://o.pki.goog/wr2,290,0,0
1734541156690,25,Home/home/notice-137,200,OK,Sample50 1-41,text,true,,3583,478,1,1,https://cse.buet.ac.bd/home/notice,25,0,0
1734541156716,70,Notice50/canonical.html-53,200,OK,Sample50 1-41,text,true,,298,303,1,1,http://detectportal.firefox.com/canonical.html,70,0,0
1734541156786,54,Notice50/success.txt-54,200,OK,Sample50 1-41,text,true,,216,320,1,1,http://detectportal.firefox.com/success.txt?ipv4,54,0,0
1734541156840,55,Notice50/success.txt-55,200,OK,Sample50 1-41,text,true,,216,320,1,1,http://detectportal.firefox.com/success.txt?ipv6,55,0,0
1734541157900,223,Moodle50/wr2-48,200,OK,Sample50 1-42,text,false,"The operation lasted too long: It took 223 milliseconds, but should not have lasted longer than 196 milliseconds.",231,477,1,2,http://o.pki.goog/wr2,223,0,81
1734541158124,121,Moodle50/canonical.html-49,200,OK,Sample50 1-42,text,true,,298,303,1,2,http://detectportal.firefox.com/canonical.html,121,0,56
1734541158245,58,Moodle50/success.txt-51,200,OK,Sample50 1-42,text,true,,216,320,1,2,http://detectportal.firefox.com/success.txt?ipv6,58,0,0
1734541158303,56,Moodle50/success.txt-50,200,OK,Sample50 1-42,text,true,,216,320,1,2,http://detectportal.firefox.com/success.txt?ipv4,56,0,0
1734541158360,34,Home/home-127,200,OK,Sample50 1-42,text,true,,7497,512,1,1,https://cse.buet.ac.bd/home,34,0,15
1734541158395,154,Home50/wr2-52,200,OK,Sample50 1-42,text,true,,231,477,1,1,http://o.pki.goog/wr2,154,0,0
1734541158549,28,Home/home/notice-137,200,OK,Sample50 1-42,text,true,,3583,478,1,1,https://cse.buet.ac.bd/home/notice,28,0,0
1734541158578,53,Notice50/canonical.html-53,200,OK,Sample50 1-42,text,true,,298,303,1,1,http://detectportal.firefox.com/canonical.html,53,0,0
1734541158632,60,Notice50/success.txt-54,200,OK,Sample50 1-42,text,true,,216,320,1,1,http://detectportal.firefox.com/success.txt?ipv4,60,0,0
1734541158692,53,Notice50/success.txt-55,200,OK,Sample50 1-42,text,true,,216,320,1,1,http://detectportal.firefox.com/success.txt?ipv6,53,0,0
1734541159901,318,Moodle50/wr2-48,200,OK,Sample50 1-43,text,false,"The operation lasted too long: It took 318 milliseconds, but should not have lasted longer than 196 milliseconds.",231,477,1,2,http://o.pki.goog/wr2,318,0,94
1734541160220,119,Moodle50/canonical.html-49,200,OK,Sample50 1-43,text,true,,298,303,1,2,http://detectportal.firefox.com/canonical.html,119,0,58
1734541160339,64,Moodle50/success.txt-51,200,OK,Sample50 1-43,text,true,,216,320,1,1,http://detectportal.firefox.com/success.txt?ipv6,64,0,0
1734541160403,60,Moodle50/success.txt-50,200,OK,Sample50 1-43,text,true,,216,320,1,1,http://detectportal.firefox.com/success.txt?ipv4,60,0,0
1734541160465,38,Home/home-127,200,OK,Sample50 1-43,text,true,,7497,512,1,1,https://cse.buet.ac.bd/home,38,0,16
1734541160503,158,Home50/wr2-52,200,OK,Sample50 1-43,text,true,,231,477,1,1,http://o.pki.goog/wr2,158,0,0
1734541160662,24,Home/home/notice-137,200,OK,Sample50 1-43,text,true,,3583,478,1,1,https://cse.buet.ac.bd/home/notice,23,0,0
1734541160686,56,Notice50/canonical.html-53,200,OK,Sample50 1-43,text,true,,298,303,1,1,http://detectportal.firefox.com/canonical.html,56,0,0
1734541160742,62,Notice50/success.txt-54,200,OK,Sample50 1-43,text,true,,216,320,1,1,http://detectportal.firefox.com/success.txt?ipv4,62,0,0
1734541160804,58,Notice50/success.txt-55,200,OK,Sample50 1-43,text,true,,216,320,1,1,http://detectportal.firefox.com/success.txt?ipv6,58,0,0
1734541161912,240,Moodle50/wr2-48,200,OK,Sample50 1-44,text,false,"The operation lasted too long: It took 240 milliseconds, but should not have lasted longer than 196 milliseconds.",231,477,1,2,http://o.pki.goog/wr2,240,0,80
1734541162153,113,Moodle50/canonical.html-49,200,OK,Sample50 1-44,text,true,,298,303,1,2,http://detectportal.firefox.com/canonical.html,113,0,57
1734541162266,56,Moodle50/success.txt-51,200,OK,Sample50 1-44,text,true,,216,320,1,2,http://detectportal.firefox.com/success.txt?ipv6,56,0,0
1734541162322,57,Moodle50/success.txt-50,200,OK,Sample50 1-44,text,true,,216,320,1,1,http://detectportal.firefox.com/success.txt?ipv4,57,0,0
1734541162379,39,Home/home-127,200,OK,Sample50 1-44,text,true,,7497,512,1,1,https://cse.buet.ac.bd/home,39,0,19
1734541162419,146,Home50/wr2-52,200,OK,Sample50 1-44,text,true,,231,477,1,1,http://o.pki.goog/wr2,146,0,0
1734541162566,28,Home/home/notice-137,200,OK,Sample50 1-44,text,true,,3583,478,1,1,https://cse.buet.ac.bd/home/notice,27,0,0
1734541162594,54,Notice50/canonical.html-53,200,OK,Sample50 1-44,text,true,,298,303,1,1,http://detectportal.firefox.com/canonical.html,54,0,0
1734541162649,55,Notice50/success.txt-54,200,OK,Sample50 1-44,text,true,,216,320,1,1,http://detectportal.firefox.com/success.txt?ipv4,55,0,0
1734541162705,57,Notice50/success.txt-55,200,OK,Sample50 1-44,text,true,,216,320,1,1,http://detectportal.firefox.com/success.txt?ipv6,57,0,0
1734541163914,233,Moodle50/wr2-48,200,OK,Sample50 1-45,text,false,"The operation lasted too long: It took 233 milliseconds, but should not have lasted longer than 196 milliseconds.",231,477,1,2,http://o.pki.goog/wr2,233,0,83
1734541164147,121,Moodle50/canonical.html-49,200,OK,Sample50 1-45,text,true,,298,303,1,2,http://detectportal.firefox.com/canonical.html,121,0,62
1734541164269,61,Moodle50/success.txt-51,200,OK,Sample50 1-45,text,true,,216,320,1,2,http://detectportal.firefox.com/success.txt?ipv6,61,0,0
1734541164330,68,Moodle50/success.txt-50,200,OK,Sample50 1-45,text,true,,216,320,1,1,http://detectportal.firefox.com/success.txt?ipv4,68,0,0
1734541164399,1071,Home/home-127,200,OK,Sample50 1-45,text,false,"The operation lasted too long: It took 1,071 milliseconds, but should not have lasted longer than 190 milliseconds.",7497,512,1,1,https://cse.buet.ac.bd/home,1071,0,1052
1734541165471,137,Home50/wr2-52,200,OK,Sample50 1-45,text,true,,231,477,1,1,http://o.pki.goog/wr2,137,0,0
1734541165608,31,Home/home/notice-137,200,OK,Sample50 1-45,text,true,,3583,478,1,1,https://cse.buet.ac.bd/home/notice,30,0,0
1734541165639,56,Notice50/canonical.html-53,200,OK,Sample50 1-45,text,true,,298,303,1,1,http://detectportal.firefox.com/canonical.html,56,0,0
1734541165695,54,Notice50/success.txt-54,200,OK,Sample50 1-45,text,true,,216,320,1,1,http://detectportal.firefox.com/success.txt?ipv4,54,0,0
1734541165749,55,Notice50/success.txt-55,200,OK,Sample50 1-45,text,true,,216,320,1,1,http://detectportal.firefox.com/success.txt?ipv6,55,0,0
1734541165910,230,Moodle50/wr2-48,200,OK,Sample50 1-46,text,false,"The operation lasted too long: It took 230 milliseconds, but should not have lasted longer than 196 milliseconds.",231,477,1,2,http://o.pki.goog/wr2,230,0,84
1734541166140,113,Moodle50/canonical.html-49,200,OK,Sample50 1-46,text,true,,298,303,1,2,http://detectportal.firefox.com/canonical.html,113,0,57
1734541166253,59,Moodle50/success.txt-51,200,OK,Sample50 1-46,text,true,,216,320,1,2,http://detectportal.firefox.com/success.txt?ipv6,59,0,0
1734541166312,58,Moodle50/success.txt-50,200,OK,Sample50 1-46,text,true,,216,320,1,1,http://detectportal.firefox.com/success.txt?ipv4,58,0,0
1734541166371,43,Home/home-127,200,OK,Sample50 1-46,text,true,,7497,512,1,1,https://cse.buet.ac.bd/home,42,0,22
1734541166414,154,Home50/wr2-52,200,OK,Sample50 1-46,text,true,,231,477,1,1,http://o.pki.goog/wr2,154,0,0
1734541166568,23,Home/home/notice-137,200,OK,Sample50 1-46,text,true,,3583,478,1,1,https://cse.buet.ac.bd/home/notice,23,0,0
1734541166591,56,Notice50/canonical.html-53,200,OK,Sample50 1-46,text,true,,298,303,1,1,http://detectportal.firefox.com/canonical.html,56,0,0
1734541166648,54,Notice50/success.txt-54,200,OK,Sample50 1-46,text,true,,216,320,1,1,http://detectportal.firefox.com/success.txt?ipv4,54,0,0
1734541166703,55,Notice50/success.txt-55,200,OK,Sample50 1-46,text,true,,216,320,1,1,http://detectportal.firefox.com/success.txt?ipv6,55,0,0
1734541167908,239,Moodle50/wr2-48,200,OK,Sample50 1-47,text,false,"The operation lasted too long: It took 239 milliseconds, but should not have lasted longer than 196 milliseconds.",231,477,1,2,http://o.pki.goog/wr2,239,0,82
1734541168148,111,Moodle50/canonical.html-49,200,OK,Sample50 1-47,text,true,,298,303,1,2,http://detectportal.firefox.com/canonical.html,111,0,54
1734541168260,59,Moodle50/success.txt-51,200,OK,Sample50 1-47,text,true,,216,320,1,2,http://detectportal.firefox.com/success.txt?ipv6,59,0,0
1734541168319,56,Moodle50/success.txt-50,200,OK,Sample50 1-47,text,true,,216,320,1,1,http://detectportal.firefox.com/success.txt?ipv4,56,0,0
1734541168376,39,Home/home-127,200,OK,Sample50 1-47,text,true,,7497,512,1,1,https://cse.buet.ac.bd/home,38,0,17
1734541168416,145,Home50/wr2-52,200,OK,Sample50 1-47,text,true,,231,477,1,1,http://o.pki.goog/wr2,145,0,0
1734541168562,26,Home/home/notice-137,200,OK,Sample50 1-47,text,true,,3583,478,1,1,https://cse.buet.ac.bd/home/notice,26,0,0
1734541168589,54,Notice50/canonical.html-53,200,OK,Sample50 1-47,text,true,,298,303,1,1,http://detectportal.firefox.com/canonical.html,54,0,0
1734541168644,55,Notice50/success.txt-54,200,OK,Sample50 1-47,text,true,,216,320,1,1,http://detectportal.firefox.com/success.txt?ipv4,55,0,0
1734541168700,60,Notice50/success.txt-55,200,OK,Sample50 1-47,text,true,,216,320,1,1,http://detectportal.firefox.com/success.txt?ipv6,59,0,0
1734541169911,232,Moodle50/wr2-48,200,OK,Sample50 1-48,text,false,"The operation lasted too long: It took 232 milliseconds, but should not have lasted longer than 196 milliseconds.",231,477,1,2,http://o.pki.goog/wr2,232,0,85
1734541170145,159,Moodle50/canonical.html-49,200,OK,Sample50 1-48,text,true,,298,303,1,2,http://detectportal.firefox.com/canonical.html,159,0,103
1734541170304,56,Moodle50/success.txt-51,200,OK,Sample50 1-48,text,true,,216,320,1,1,http://detectportal.firefox.com/success.txt?ipv6,56,0,0
1734541170361,56,Moodle50/success.txt-50,200,OK,Sample50 1-48,text,true,,216,320,1,1,http://detectportal.firefox.com/success.txt?ipv4,56,0,0
1734541170417,39,Home/home-127,200,OK,Sample50 1-48,text,true,,7497,512,1,1,https://cse.buet.ac.bd/home,38,0,17
1734541170456,143,Home50/wr2-52,200,OK,Sample50 1-48,text,true,,231,477,1,1,http://o.pki.goog/wr2,143,0,0
1734541170600,30,Home/home/notice-137,200,OK,Sample50 1-48,text,true,,3583,478,1,1,https://cse.buet.ac.bd/home/notice,30,0,0
1734541170630,57,Notice50/canonical.html-53,200,OK,Sample50 1-48,text,true,,298,303,1,1,http://detectportal.firefox.com/canonical.html,57,0,0
1734541170687,57,Notice50/success.txt-54,200,OK,Sample50 1-48,text,true,,216,320,1,1,http://detectportal.firefox.com/success.txt?ipv4,57,0,0
1734541170744,63,Notice50/success.txt-55,200,OK,Sample50 1-48,text,true,,216,320,1,1,http://detectportal.firefox.com/success.txt?ipv6,63,0,0
1734541171904,215,Moodle50/wr2-48,200,OK,Sample50 1-49,text,false,"The operation lasted too long: It took 215 milliseconds, but should not have lasted longer than 196 milliseconds.",231,477,1,2,http://o.pki.goog/wr2,215,0,78
1734541172120,113,Moodle50/canonical.html-49,200,OK,Sample50 1-49,text,true,,298,303,1,2,http://detectportal.firefox.com/canonical.html,113,0,57
1734541172233,58,Moodle50/success.txt-51,200,OK,Sample50 1-49,text,true,,216,320,1,2,http://detectportal.firefox.com/success.txt?ipv6,58,0,0
1734541172292,55,Moodle50/success.txt-50,200,OK,Sample50 1-49,text,true,,216,320,1,2,http://detectportal.firefox.com/success.txt?ipv4,55,0,0
1734541172348,38,Home/home-127,200,OK,Sample50 1-49,text,true,,7497,512,1,2,https://cse.buet.ac.bd/home,36,0,17
1734541172386,145,Home50/wr2-52,200,OK,Sample50 1-49,text,true,,231,477,1,1,http://o.pki.goog/wr2,145,0,0
1734541172532,24,Home/home/notice-137,200,OK,Sample50 1-49,text,true,,3583,478,1,1,https://cse.buet.ac.bd/home/notice,24,0,0
1734541172557,54,Notice50/canonical.html-53,200,OK,Sample50 1-49,text,true,,298,303,1,1,http://detectportal.firefox.com/canonical.html,54,0,0
1734541172612,63,Notice50/success.txt-54,200,OK,Sample50 1-49,text,true,,216,320,1,1,http://detectportal.firefox.com/success.txt?ipv4,63,0,0
1734541172675,56,Notice50/success.txt-55,200,OK,Sample50 1-49,text,true,,216,320,1,1,http://detectportal.firefox.com/success.txt?ipv6,56,0,0
1734541173911,232,Moodle50/wr2-48,200,OK,Sample50 1-50,text,false,"The operation lasted too long: It took 232 milliseconds, but should not have lasted longer than 196 milliseconds.",231,477,1,2,http://o.pki.goog/wr2,232,0,82
1734541174145,114,Moodle50/canonical.html-49,200,OK,Sample50 1-50,text,true,,298,303,1,2,http://detectportal.firefox.com/canonical.html,114,0,56
1734541174259,59,Moodle50/success.txt-51,200,OK,Sample50 1-50,text,true,,216,320,1,2,http://detectportal.firefox.com/success.txt?ipv6,59,0,0
1734541174318,57,Moodle50/success.txt-50,200,OK,Sample50 1-50,text,true,,216,320,1,1,http://detectportal.firefox.com/success.txt?ipv4,57,0,0
1734541174376,41,Home/home-127,200,OK,Sample50 1-50,text,true,,7497,512,1,1,https://cse.buet.ac.bd/home,40,0,18
1734541174417,145,Home50/wr2-52,200,OK,Sample50 1-50,text,true,,231,477,1,1,http://o.pki.goog/wr2,145,0,0
1734541174562,23,Home/home/notice-137,200,OK,Sample50 1-50,text,true,,3583,478,1,1,https://cse.buet.ac.bd/home/notice,23,0,0
1734541174586,60,Notice50/canonical.html-53,200,OK,Sample50 1-50,text,true,,298,303,1,1,http://detectportal.firefox.com/canonical.html,60,0,0
1734541174646,56,Notice50/success.txt-54,200,OK,Sample50 1-50,text,true,,216,320,1,1,http://detectportal.firefox.com/success.txt?ipv4,56,0,0
1734541174702,56,Notice50/success.txt-55,200,OK,Sample50 1-50,text,true,,216,320,1,1,http://detectportal.firefox.com/success.txt?ipv6,56,0,0
